databaseId	name	imageUrl	cardBack	type	packName	set	loadGroupId	title	tags	emblem	color	strength	defense	blast	destiny	requiredPower	requiredColor	requiredEmblem	text	help	number
Promo_1-1CV.jpg	Clear Victory	mmtcg/promo/Mmtcg-Promo-ClearVictory.jpg	default	Resource	Promo	Promo	playerNDeck				Red				2				SPEND: Lose 6 energy to make your opponent lose 4 energy.		1*1
Promo_1-2reckless.jpg	Reckless	mmtcg/promo/Mmtcg-Promo-Reckless.jpg	default	Resource	Promo	Promo	playerNDeck				Yellow				5	3			SPEND: Discard 2 yellow cards to destroy 3 of your opponent's resources.		1*2
PowerUp_1c1elecman.jpg	ElecMan	mmtcg/power-up/Mmtcg-PowerUp-ElecMan.jpg	default	NetNavi	Power Up	PowerUp	playerNNetNavi	Fully Charged		ElecMan		1	0	1					Whenever you play a BattleChip, you may place up to 2 cards from your discard pile in your power gauge.		1C1
PowerUp_1c10Boysbomb.jpg	BoysBomb	mmtcg/power-up/Mmtcg-PowerUp-BoysBomb.jpg	default	BattleChip	Power Up	PowerUp	playerNDeck								3	2	1x Yellow		Your NetNavi is strength +1 for each card in your power gauge.		1C10
PowerUp_1c11cannonball.jpg	CannonBall	mmtcg/power-up/Mmtcg-PowerUp-CannonBall.jpg	default	BattleChip	Power Up	PowerUp	playerNDeck								4		1x Green		Discard a card to make your NetNavi strength +4.		1C11
PowerUp_1c12cybersword.jpg	CyberSword	mmtcg/power-up/Mmtcg-PowerUp-CyberSword.jpg	default	BattleChip	Power Up	PowerUp	playerNDeck								4		1x Blue		Make your opponent take a random card from his or her discard pile into hand to make your NetNavi strength +4.		1C12
PowerUp_1c13guard1.jpg	Guard1	mmtcg/power-up/Mmtcg-PowerUp-Guard1.jpg	default	BattleChip	Power Up	PowerUp	playerNDeck								3				Discard a blue card to make your NetNavi defense +3.		1C13
PowerUp_1c14laserblast.jpg	LaserBlast	mmtcg/power-up/Mmtcg-PowerUp-LaserBlast.jpg	default	BattleChip	Power Up	PowerUp	playerNDeck								5	3	2x Red		Your NetNavi is strength +5.		1C14
PowerUp_1c15MEB.jpg	MegaEnergyBomb	mmtcg/power-up/Mmtcg-PowerUp-MegaEnergyBomb.jpg	default	BattleChip	Power Up	PowerUp	playerNDeck								4	4			Lose 1 energy to make your NetNavi strength +2 for each blue resource you have in play.		1C15
PowerUp_1c16rockcube.jpg	RockCube	mmtcg/power-up/Mmtcg-PowerUp-RockCube.jpg	default	BattleChip	Power Up	PowerUp	playerNDeck								2				Burn 1 power to make your NetNavi defense +2. You may play an additional BattleChip.		1C16
PowerUp_1c17timebomb.jpg	TimeBomb	mmtcg/power-up/Mmtcg-PowerUp-TimeBomb.jpg	default	BattleChip	Power Up	PowerUp	playerNDeck								3	3	2x Red		Your NetNavi is defense +5.		1C17
PowerUp_1c18tornado.jpg	Tornado	mmtcg/power-up/Mmtcg-PowerUp-Tornado.jpg	default	BattleChip	Power Up	PowerUp	playerNDeck								2		1x Green		Your NetNavi is strength +1 for each card in your opponent's hand.		1C18
PowerUp_1c19vulcan1.jpg	Vulcan1	mmtcg/power-up/Mmtcg-PowerUp-Vulcan1.jpg	default	BattleChip	Power Up	PowerUp	playerNDeck								2	2			Your NetNavi is strength +2.		1C19
PowerUp_1c2gutsman.jpg	GutsMan	mmtcg/power-up/Mmtcg-PowerUp-GutsMan.jpg	default	NetNavi	Power Up	PowerUp	playerNNetNavi	Body Strength		GutsMan		3	1	3					Whenever you play a BattleChip, your GutsMan is strength +1.		1C2
PowerUp_1c20askingforit.jpg	Asking For It	mmtcg/power-up/Mmtcg-PowerUp-AskingForIt.jpg	default	Event	Power Up	PowerUp	playerNDeck				Green				5		1x Green		Opponent draws 2 cards.		1C20
PowerUp_1c21cancelled.jpg	Cancelled	mmtcg/power-up/Mmtcg-PowerUp-Cancelled.jpg	default	Event	Power Up	PowerUp	playerNDeck				Blue				5		1x Blue		Discard a card to cancel a BattleChip.		1C21
PowerUp_1c22fap.jpg	Fast And Powerful	mmtcg/power-up/Mmtcg-PowerUp-FastAndPowerful.jpg	default	Event	Power Up	PowerUp	playerNDeck				Blue				4		1x Blue		Reduce a NetNavi's blast to 1.		1C22
PowerUp_1c23FI.jpg	Fish Intervention	mmtcg/power-up/Mmtcg-PowerUp-FishIntervention.jpg	default	Event	Power Up	PowerUp	playerNDeck				Yellow				4		1x Yellow		Power Up.		1C23
PowerUp_1c24fotb.jpg	Fish On The Brain	mmtcg/power-up/Mmtcg-PowerUp-FishOnTheBrain.jpg	default	Event	Power Up	PowerUp	playerNDeck				Blue				4		1x Blue		Discard a card to cancel a blast destiny.		1C24
PowerUp_1c25IB.jpg	Impressive Battlers	mmtcg/power-up/Mmtcg-PowerUp-ImpressiveBattlers.jpg	default	Event	Power Up	PowerUp	playerNDeck				Red				3	3	1x Red		Add 4 to your blast destiny.		1C25
PowerUp_1c26NEP.jpg	Not Enough Power	mmtcg/power-up/Mmtcg-PowerUp-NotEnoughPower.jpg	default	Event	Power Up	PowerUp	playerNDeck				Red				2		1x Red		You may play an additional BattleChip.		1C26
PowerUp_1c27PlayDirty.JPG	Playing Dirty	mmtcg/power-up/Mmtcg-PowerUp-PlayingDirty.jpg	default	Event	Power Up	PowerUp	playerNDeck				Yellow				2		1x Yellow		Burn an opponent's power.		1C27
PowerUp_1c28pgm.jpg	Pretty Good Move	mmtcg/power-up/Mmtcg-PowerUp-PrettyGoodMove.jpg	default	Event	Power Up	PowerUp	playerNDeck				Red				4	2	2x Red		Make your NetNavi defense +4.		1C28
PowerUp_1c29TechnicalDiff.JPG	Technical Difficulties	mmtcg/power-up/Mmtcg-PowerUp-TechnicalDifficulties.jpg	default	Event	Power Up	PowerUp	playerNDeck				Yellow				4		2x Yellow		Destroy a resource.		1C29
PowerUp_1c3Magicman.jpg	MagicMan	mmtcg/power-up/Mmtcg-PowerUp-MagicMan.jpg	default	NetNavi	Power Up	PowerUp	playerNNetNavi	Riddler		MagicMan		2	2	3					Whenever you play a BattleChip, your MagicMan is blast -2.		1C3
PowerUp_1c30tte.JPG	That's too easy	mmtcg/power-up/Mmtcg-PowerUp-ThatsTooEasy.jpg	default	Event	Power Up	PowerUp	playerNDeck				Green				5	3	2x Green		Take any card from your deck into hand. Shuffle your deck.		1C30
PowerUp_1c31uncommonnetbattler.jpg	Uncommon NetBattler	mmtcg/power-up/Mmtcg-PowerUp-UncommonNetBattler.jpg	default	Event	Power Up	PowerUp	playerNDeck				Green				3	2	1x Green		Draw 2 cards.		1C31
PowerUp_1c32BCG.jpg	BattleChip Geek	mmtcg/power-up/Mmtcg-PowerUp-BattleChipGeek.jpg	default	Resource	Power Up	PowerUp	playerNDeck				Green				4	2			SPEND: Burn 2 power to draw 3 cards.		1C32
PowerUp_1c33BigTrouble.JPG	Big Trouble	mmtcg/power-up/Mmtcg-PowerUp-BigTrouble.jpg	default	Resource	Power Up	PowerUp	playerNDeck				Blue				1	2			SPEND: Make a NetNavi blast -1 until end of next turn.		1C33
PowerUp_1c34buckethead.jpg	BucketHead	mmtcg/power-up/Mmtcg-PowerUp-BucketHead.jpg	default	Resource	Power Up	PowerUp	playerNDeck			GutsMan	Yellow				3			1x GutsMan	SPEND: Spend a resource for no effect to power up twice.		1C34
PowerUp_1c35channeling.jpg	Channeling	mmtcg/power-up/Mmtcg-PowerUp-Channeling.jpg	default	Resource	Power Up	PowerUp	playerNDeck			Roll	Blue				3	4		1x Roll	SPEND: Place 2 cards from hand in your power gauge.		1C35
PowerUp_1c36Chargingup.jpg	Charging Up	mmtcg/power-up/Mmtcg-PowerUp-ChargingUp.jpg	default	Resource	Power Up	PowerUp	playerNDeck			ElecMan	Green				4			1x ElecMan	SPEND: Burn a power to recharge 2 energy.	(Recharge an energy by placing a random card from your discard pile beneath your deck.)	1C36
PowerUp_1c37Clevertrick.jpg	Clever Trick	mmtcg/power-up/Mmtcg-PowerUp-CleverTrick.jpg	default	Resource	Power Up	PowerUp	playerNDeck				Green				3				SPEND: If you played a BattleChip this turn, draw a card.		1C37
PowerUp_1c38clowningaround.jpg	Clowning Around	mmtcg/power-up/Mmtcg-PowerUp-ClowningAround.jpg	default	Resource	Power Up	PowerUp	playerNDeck				Green				1	3		1x WackoMan	SPEND: Your opponent draws 3 cards.		1C38
PowerUp_1c39counterattack.jpg	Counter Attack	mmtcg/power-up/Mmtcg-PowerUp-CounterAttack.jpg	default	Resource	Power Up	PowerUp	playerNDeck			NumberMan	Yellow				2			1x NumberMan	SPEND: Lose 2 energy to burn an opponent's power.		1C39
PowerUp_1c4Numberman.PNG	NumberMan	mmtcg/power-up/Mmtcg-PowerUp-NumberMan.png	default	NetNavi	Power Up	PowerUp	playerNNetNavi	Calculator		NumberMan		1	3	2							1C4
PowerUp_1c40cyberwarrior.jpg	CyberWarrior	mmtcg/power-up/Mmtcg-PowerUp-CyberWarrior.jpg	default	Resource	Power Up	PowerUp	playerNDeck				Yellow				4				SPEND: Burn 2 power to destroy an opponent's resource.		1C40
PowerUp_1c41datascan.jpg	Data Scan	mmtcg/power-up/Mmtcg-PowerUp-DataScan.jpg	default	Resource	Power Up	PowerUp	playerNDeck			Roll	Blue				1			1x Roll	SPEND: Place all of your resources in play (including this one) in your power gauge.		1C41
PowerUp_1c42dan.jpg	Delicious and Nutritious	mmtcg/power-up/Mmtcg-PowerUp-DeliciousAndNutritious.jpg	default	Resource	Power Up	PowerUp	playerNDeck				Green				1				SPEND: Recharge and energy.	(Recharge an energy by placing a random card from your discard pile beneath your deck.)	1C42
PowerUp_1c43determined.jpg	Determined	mmtcg/power-up/Mmtcg-PowerUp-Determined.jpg	default	Resource	Power Up	PowerUp	playerNDeck				Red				1				SPEND: Lose an energy to make your opponent lose an energy.		1C43
PowerUp_1c44dip.jpg	Difference in Power	mmtcg/power-up/Mmtcg-PowerUp-DifferenceInPower.jpg	default	Resource	Power Up	PowerUp	playerNDeck				Blue				1	2			SPEND: Make a NetNavi blast +1 until end of next turn.		1C44
PowerUp_1c45doublezap.jpg	Double Zap	mmtcg/power-up/Mmtcg-PowerUp-DoubleZap.jpg	default	Resource	Power Up	PowerUp	playerNDeck			ElecMan	Yellow				3			1x ElecMan	SPEND: Blast. This does not count against your blast limit.		1C45
PowerUp_1c46EMF.jpg	Eat More Fish	mmtcg/power-up/Mmtcg-PowerUp-EatMoreFish.jpg	default	Resource	Power Up	PowerUp	playerNDeck				Green				3	2			SPEND: Burn a power to draw 2 cards.		1C46
PowerUp_1c47fierynetnavi.jpg	Fiery NetNavi	mmtcg/power-up/Mmtcg-PowerUp-FieryNetNavi.jpg	default	Resource	Power Up	PowerUp	playerNDeck				Red				2	3			SPEND: Add your NetNavi's defense to its strength.		1C47
PowerUp_1c48focus.jpg	Focus	mmtcg/power-up/Mmtcg-PowerUp-Focus.jpg	default	Resource	Power Up	PowerUp	playerNDeck				Yellow				2				SPEND: Lose 2 energy to power up.		1C48
PowerUp_1c49greatsurprise.jpg	Great Surprise	mmtcg/power-up/Mmtcg-PowerUp-GreatSurprise.jpg	default	Resource	Power Up	PowerUp	playerNDeck				Blue				2				SPEND: Discard a card to make your opponent discard a card.		1C49
PowerUp_1c5roll.jpg	Roll	mmtcg/power-up/Mmtcg-PowerUp-Roll.jpg	default	NetNavi	Power Up	PowerUp	playerNNetNavi	Hip and Cool		Roll		1	2	2					Whenever you play a BattleChip, your Roll is defense +2.		1C5
PowerUp_1c50gutshammer.jpg	GutsHammer	mmtcg/power-up/Mmtcg-PowerUp-GutsHammer.jpg	default	Resource	Power Up	PowerUp	playerNDeck			GutsMan	Red				2	3		1x GutsMan	SPEND: Add your GutsMan blast to your blast destiny.		1C50
PowerUp_1c51handywork.jpg	Handy Work	mmtcg/power-up/Mmtcg-PowerUp-HandyWork.jpg	default	Resource	Power Up	PowerUp	playerNDeck				Blue				3	3			SPEND: Play a resource.		1C51
PowerUp_1c52IaE.jpg	It's an Emergency	mmtcg/power-up/Mmtcg-PowerUp-ItsAnEmergency.jpg	default	Resource	Power Up	PowerUp	playerNDeck				Yellow				3	2			SPEND: Burn 1 power to place a card from your discard pile in your power gauge.		1C52
PowerUp_1c53inoy.jpg	It's Not Over Yet	mmtcg/power-up/Mmtcg-PowerUp-ItsNotOverYet.jpg	default	Resource	Power Up	PowerUp	playerNDeck				Green				1				SPEND: Draw a card.		1C53
PowerUp_1c54letemhaveit.JPG	Let 'em Have It	mmtcg/power-up/Mmtcg-PowerUp-LetEmHaveIt.jpg	default	Resource	Power Up	PowerUp	playerNDeck				Yellow				2				SPEND: Burn a power to burn an opponent's power.		1C54
PowerUp_1c55LookingHot.jpg	Looking Hot	mmtcg/power-up/Mmtcg-PowerUp-LookingHot.jpg	default	Resource	Power Up	PowerUp	playerNDeck			TorchMan	Blue				2	3		1x TorchMan	SPEND: Opponent can't play events and BattleChips.		1C55
PowerUp_1c56mindtricks.jpg	Mind Tricks	mmtcg/power-up/Mmtcg-PowerUp-MindTricks.jpg	default	Resource	Power Up	PowerUp	playerNDeck			MagicMan	Green				3	4		1x MagicMan	SPEND: Burn a power to take any card from your deck into hand. Shuffle your deck, then place this card beneath your deck.		1C56
PowerUp_1c57NOCE.jpg	No One Can Escape	mmtcg/power-up/Mmtcg-PowerUp-NoOneCanEscape.jpg	default	Resource	Power Up	PowerUp	playerNDeck				Blue				3	2			SPEND: Discard a card to cancel a green blast destiny.		1C57
PowerUp_1c58oaay.jpg	Odds Are Against You	mmtcg/power-up/Mmtcg-PowerUp-OddsAreAgainstYou.jpg	default	Resource	Power Up	PowerUp	playerNDeck			MagicMan	Blue				2			1x MagicMan	SPEND: Burn a power to make a NetNavi blast +2 until end of next turn. Place this card beneath your deck.		1C58
PowerUp_1c59PoPa.jpg	Power Pastries	mmtcg/power-up/Mmtcg-PowerUp-PowerPastries.jpg	default	Resource	Power Up	PowerUp	playerNDeck				Red				1				SPEND: Add 1 to your blast destiny.		1C59
PowerUp_1c6wackoman.jpg	WackoMan	mmtcg/power-up/Mmtcg-PowerUp-WackoMan.jpg	default	NetNavi	Power Up	PowerUp	playerNNetNavi	Whimsical		WackoMan		1	3	3					Whenever you play a BattleChip, you may recharge an energy.		1C6
PowerUp_1c60rfa.jpg	Ready For Action	mmtcg/power-up/Mmtcg-PowerUp-ReadyForAction.jpg	default	Resource	Power Up	PowerUp	playerNDeck			NumberMan	Red				2			1x NumberMan	SPEND: Lose 2 energy to add 3 to your blast destiny.		1C60
PowerUp_1c61readyforbattle.jpg	Ready For Battle	mmtcg/power-up/Mmtcg-PowerUp-ReadyForBattle.jpg	default	Resource	Power Up	PowerUp	playerNDeck				Yellow				3	2			SPEND: Discard a yellow card to power up twice.		1C61
PowerUp_1c62rata.JPG	Recharge and Try Again	mmtcg/power-up/Mmtcg-PowerUp-RechargeAndTryAgain.jpg	default	Resource	Power Up	PowerUp	playerNDeck				Green				4				SPEND: Burn 2 power to recharge 3 energy.	(Recharge an energy by placing a random card from your discard pile beneath your deck.)	1C62
PowerUp_1c63rival.JPG	Rival	mmtcg/power-up/Mmtcg-PowerUp-Rival.jpg	default	Resource	Power Up	PowerUp	playerNDeck				Red				1	2			SPEND: Make your NetNavi defense +1.		1C63
PowerUp_1c64RoutineDefense.jpg	Routine Defense	mmtcg/power-up/Mmtcg-PowerUp-RoutineDefense.jpg	default	Resource	Power Up	PowerUp	playerNDeck				Blue				3	2			SPEND: Discard a card to cancel a yellow blast destiny.		1C64
PowerUp_1c65sendintheclowns.jpg	Send in the Clowns	mmtcg/power-up/Mmtcg-PowerUp-SendInTheClowns.jpg	default	Resource	Power Up	PowerUp	playerNDeck			WackoMan	Blue				1			1x WackoMan	SPEND: Your opponent discards down to 3 cards.		1C65
PowerUp_1c66SNM.jpg	Show No Mercy	mmtcg/power-up/Mmtcg-PowerUp-ShowNoMercy.jpg	default	Resource	Power Up	PowerUp	playerNDeck				Blue				3	2			SPEND: Discard a card to cancel a red blast destiny.		1C66
PowerUp_1c67smackdown.jpg	SmackDown	mmtcg/power-up/Mmtcg-PowerUp-SmackDown.jpg	default	Resource	Power Up	PowerUp	playerNDeck				Yellow				5	3			SPEND: Discard 2 cards to destroy 2 of your opponent's resources.		1C67
PowerUp_1c68sup.jpg	Strength Under Pressure	mmtcg/power-up/Mmtcg-PowerUp-StrengthUnderPressure.jpg	default	Resource	Power Up	PowerUp	playerNDeck				Red				3	3			SPEND: Discard a card to make your NetNavi defense +3.		1C68
PowerUp_1c69takecontrol.jpg	Take Control	mmtcg/power-up/Mmtcg-PowerUp-TakeControl.jpg	default	Resource	Power Up	PowerUp	playerNDeck				Green				1				SPEND: Draw a card to make your opponent draw a card.		1C69
PowerUp_1c7airshot.jpg	AirShot	mmtcg/power-up/Mmtcg-PowerUp-AirShot.jpg	default	BattleChip	Power Up	PowerUp	playerNDeck								3	2			Burn 1 power to make your NetNavi defense +3.		1C7
PowerUp_1c70tfo.jpg	Two for One	mmtcg/power-up/Mmtcg-PowerUp-TwoForOne.jpg	default	Resource	Power Up	PowerUp	playerNDeck			MegaMan	Green				4	2		1x MegaMan	SPEND: Take the next 3 cards you draw randomly from your discard pile instead of your deck.		1C70
PowerUp_1c71uselessone.jpg	Useless One	mmtcg/power-up/Mmtcg-PowerUp-UselessOne.jpg	default	Resource	Power Up	PowerUp	playerNDeck				Blue				3	2			SPEND: Discard a card to cancel a blue blast destiny.		1C71
PowerUp_1c72winninghand.jpg	Winning Hand	mmtcg/power-up/Mmtcg-PowerUp-WinningHand.jpg	default	Resource	Power Up	PowerUp	playerNDeck				Yellow				2	2			SPEND: If you played a BattleChip this turn, power up.		1C72
PowerUp_1c73WOpp.jpg	Worthy Opponent	mmtcg/power-up/Mmtcg-PowerUp-WorthyOpponent.jpg	default	Resource	Power Up	PowerUp	playerNDeck				Red				1	2			SPEND: Add 2 to your blast destiny.		1C73
PowerUp_1c8Areasteal.jpg	AreaSteal	mmtcg/power-up/Mmtcg-PowerUp-AreaSteal.jpg	default	BattleChip	Power Up	PowerUp	playerNDeck								4				Burn 1 power to make your NetNavi strength +2. You may play an additional BattleChip.		1C8
PowerUp_1c9boomer2.jpg	Boomer2	mmtcg/power-up/Mmtcg-PowerUp-Boomer2.jpg	default	BattleChip	Power Up	PowerUp	playerNDeck								4		1x Yellow		Burn 1 power to make your NetNavi strength +4.		1C9
Promo_1p1megaman3.jpg	MegaMan	mmtcg/promo/Mmtcg-Promo-MegaMan.jpg	default	NetNavi	Promo	Promo	playerNNetNavi	CyberHero		MegaMan		2	1	2					Whenever you discard down, you may place discarded cards beneath your deck instead of your discard pile.		1P1
Promo_1p2energybomb.jpg	EnergyBomb	mmtcg/promo/Mmtcg-Promo-EnergyBomb.jpg	default	BattleChip	Promo	Promo	playerNDeck								5		3x Yellow		When you lose energy during battle, place the lost cards first in your power gauge (until it is full).		1P2
Promo_1p3guardian.jpg	Guardian	mmtcg/promo/Mmtcg-Promo-Guardian.jpg	default	BattleChip	Promo	Promo	playerNDeck								5		2x Green		Discard 2 cards. When you lose energy during battle, take the lost cards into hand.		1P3
Promo_1p4BB.JPG	Blue Battler	mmtcg/promo/Mmtcg-Promo-BlueBattler.jpg	default	Resource	Promo	Promo	playerNDeck				Green				1	3			SPEND: Burn 3 power to take 2 cards from your discard pile into hand.		1P4
Promo_1p5.jpg	Dish a Little Dirt	mmtcg/promo/Mmtcg-Promo-DishALittleDirt.jpg	default	Resource	Promo	Promo	playerNDeck				Blue				4	3			SPEND: Discard a card and note its destiny. Cancel a blast destiny of that value.		1P5
Promo_1p6msmari.JPG	Friendly Ms. Mari	mmtcg/promo/Mmtcg-Promo-FriendlyMsMari.jpg	default	Resource	Promo	Promo	playerNDeck				Yellow				3	3			SPEND: Burn 2 power to place 2 cards from your discard pile in your power gauge.		1P6
Promo_1p7RockSolid.jpg	Rock Solid	mmtcg/promo/Mmtcg-Promo-RockSolid.jpg	default	Resource	Promo	Promo	playerNDeck				Red				2	2			SPEND: Lose 2 energy and note which has the smaller destiny. Your opponent loses that much energy.		1P7
PowerUp_1r100upload.jpg	Upload	mmtcg/power-up/Mmtcg-PowerUp-Upload.jpg	default	Resource	Power Up	PowerUp	playerNDeck				Green				4	2			SPEND: Burn 2 power to take a card from your discard pile into hand.		1R100
PowerUp_1r74barrier.JPG	Barrier	mmtcg/power-up/Mmtcg-PowerUp-Barrier.jpg	default	BattleChip	Power Up	PowerUp	playerNDeck								3	3	1x Red		Add your NetNavi's strength to defense.		1R74
PowerUp_1r75BH1.JPG	BigHammer1	mmtcg/power-up/Mmtcg-PowerUp-BigHammer1.jpg	default	BattleChip	Power Up	PowerUp	playerNDeck			GutsMan					3		2x Yellow	1x GutsMan	Make your GutsMan strength +5.		1R75
PowerUp_1r76bubbler.jpg	Bubbler	mmtcg/power-up/Mmtcg-PowerUp-Bubbler.jpg	default	BattleChip	Power Up	PowerUp	playerNDeck			Roll					4		2x Blue	1x Roll	Make your Roll defense +4.		1R76
PowerUp_1r77Discord.jpg	Discord	mmtcg/power-up/Mmtcg-PowerUp-Discord.jpg	default	BattleChip	Power Up	PowerUp	playerNDeck			WackoMan					3		2x Green	1x WackoMan	Discard 2 green cards to make your WackoMan strength +2 for each card in your opponent's hand.		1R77
PowerUp_1r78HeatShot.jpg	HeatShot	mmtcg/power-up/Mmtcg-PowerUp-HeatShot.jpg	default	BattleChip	Power Up	PowerUp	playerNDeck			TorchMan					1		2x Red	1x TorchMan	Burn 2 power to make your TorchMan strength +3 for each TorchMan card you have in play.		1R78
PowerUp_1r79Invisible.JPG	Invisible	mmtcg/power-up/Mmtcg-PowerUp-Invisible.jpg	default	BattleChip	Power Up	PowerUp	playerNDeck			MagicMan					4		2x Blue	1x MagicMan	Make your MagicMan strength +4. Place this card beneath your deck.		1R79
PowerUp_1r80lightning1.JPG	Lightning1	mmtcg/power-up/Mmtcg-PowerUp-Lightning1.jpg	default	BattleChip	Power Up	PowerUp	playerNDeck								4		2x Yellow		When your opponent loses energy during battle, lost cards come first from his or her power gauge.		1R80
PowerUp_1r81longsword.jpg	LongSword	mmtcg/power-up/Mmtcg-PowerUp-LongSword.jpg	default	BattleChip	Power Up	PowerUp	playerNDeck								3	3	1x Green		Your NetNavi is strength +1 for each card in our hand.		1R81
PowerUp_1r82Miniboomer.jpg	MiniBoomer	mmtcg/power-up/Mmtcg-PowerUp-MiniBoomer.jpg	default	BattleChip	Power Up	PowerUp	playerNDeck			NumberMan					3		2x Red	1x NumberMan	Lose 2 energy and note their destinies. Add them to your NumberMan's strength.		1R82
PowerUp_1r83spreader.jpg	Spreader	mmtcg/power-up/Mmtcg-PowerUp-Spreader.jpg	default	BattleChip	Power Up	PowerUp	playerNDeck			MegaMan					5		2x Green	1x MegaMan	Discard a card. Whenever your opponent loses an energy, you may draw a card.		1R83
PowerUp_1r84thunder1.jpg	Thunder1	mmtcg/power-up/Mmtcg-PowerUp-Thunder1.jpg	default	BattleChip	Power Up	PowerUp	playerNDeck			ElecMan					5		2x Yellow	1x ElecMan	Discard 2 yellow cards to make your ElecMan strength +2 for each card in your power gauge.		1R84
PowerUp_1r85widesword.jpg	WideSword	mmtcg/power-up/Mmtcg-PowerUp-WideSword.jpg	default	BattleChip	Power Up	PowerUp	playerNDeck								5		1x Blue		Discard a card to reduce a NetNavi's strength to 0.		1R85
PowerUp_1r86DS.jpg	Disaster Strikes	mmtcg/power-up/Mmtcg-PowerUp-DisasterStrikes.jpg	default	Event	Power Up	PowerUp	playerNDeck				Red				3	2	3x Red		If your blast destiny is greater than 7, burn 2 power to make your opponent lose 10 energy.		1R86
PowerUp_1r87drowning.jpg	Drowning	mmtcg/power-up/Mmtcg-PowerUp-Drowning.jpg	default	Event	Power Up	PowerUp	playerNDeck				Green				3	2	1x Green		All players count their cards in hand, shuffle those hands into their decks, and draw that number of cards.		1R87
PowerUp_1r88foyo.jpg	Flush Out Your Opponent	mmtcg/power-up/Mmtcg-PowerUp-FlushOutYourOpponent.jpg	default	Event	Power Up	PowerUp	playerNDeck				Blue				3	2	1x Blue		Return up to 2 resources to their owner's hands		1R88
PowerUp_1r89IP.jpg	Intense Power	mmtcg/power-up/Mmtcg-PowerUp-IntensePower.jpg	default	Event	Power Up	PowerUp	playerNDeck				Yellow				5	3	2x Yellow		Reveal the cards in your power gauge. If their total destiny is 12 or greater, search your opponent's deck and place 4 cards from it in his or her discard pile. Then the opponent shuffles that deck.		1R89
PowerUp_1r90calculated.jpg	Calculated	mmtcg/power-up/Mmtcg-PowerUp-Calculated.jpg	default	Resource	Power Up	PowerUp	playerNDeck			NumberMan	Yellow				4			1x NumberMan	SPEND: Whenever you lose an energy, you may place that card in your power gauge. You may do this twice.		1R90
PowerUp_1r91energized.jpg	Energized	mmtcg/power-up/Mmtcg-PowerUp-Energized.jpg	default	Resource	Power Up	PowerUp	playerNDeck			ElecMan	Yellow				4	3		1x ElecMan	SPEND: Place this resource in your power gauge.		1R91
PowerUp_1r92FlameBrain.jpg	Flame Brain	mmtcg/power-up/Mmtcg-PowerUp-FlameBrain.jpg	default	Resource	Power Up	PowerUp	playerNDeck			TorchMan	Blue				1			1x TorchMan	SPEND: Opponent discards a card.		1R92
PowerUp_1r93gutsthump.jpg	GutsThump	mmtcg/power-up/Mmtcg-PowerUp-GutsThump.jpg	default	Resource	Power Up	PowerUp	playerNDeck			GutsMan	Red				5			1x GutsMan	SPEND: Spend a resource for no effect to make your opponent's NetNavi defense 0.		1R93
PowerUp_1r94HeDe.jpg	Heightened Defenses	mmtcg/power-up/Mmtcg-PowerUp-HeightenedDefenses.jpg	default	Resource	Power Up	PowerUp	playerNDeck			MegaMan	Red				4			1x MegaMan	SPEND: Discard 2 cards to make your MegaMan defense +4.		1R94
PowerUp_1r95Magicblock.jpg	Magic Block	mmtcg/power-up/Mmtcg-PowerUp-MagicBlock.jpg	default	Resource	Power Up	PowerUp	playerNDeck			MagicMan	Blue				4			1x MagicMan	SPEND: Discard 2 cards to cancel a blast destiny. Place this card beneath your deck.		1R95
PowerUp_1r96rollblast.jpg	RollBlast	mmtcg/power-up/Mmtcg-PowerUp-RollBlast.jpg	default	Resource	Power Up	PowerUp	playerNDeck			Roll	Yellow				2			1x Roll	SPEND: Burn 2 power and note which has the smaller destiny. Place that many cards from the bottom of your discard pile in your power gauge.		1R96
PowerUp_1r97steamroll.jpg	SteamRoll	mmtcg/power-up/Mmtcg-PowerUp-SteamRoll.jpg	default	Resource	Power Up	PowerUp	playerNDeck			WackoMan	Green				3			1x WackoMan	SPEND: Burn 4 power to recharge 2 energy for each card in your opponent's hand.	(Recharge an energy by placing a random card from your discard pile beneath your deck.)	1R97
PowerUp_1r98ST.jpg	Superior Technique	mmtcg/power-up/Mmtcg-PowerUp-SuperiorTechnique.jpg	default	Resource	Power Up	PowerUp	playerNDeck			MegaMan	Red				4			1x MegaMan	SPEND: Discard 2 cards to add 5 to your blast destiny.		1R98
PowerUp_1r99ToweringInferno.jpg	Towering Inferno	mmtcg/power-up/Mmtcg-PowerUp-ToweringInferno.jpg	default	Resource	Power Up	PowerUp	playerNDeck			TorchMan	Red				4			1x TorchMan	SPEND: Burn a power to make opponent lose 2 energy.		1R99
PowerUp_1sr105InSp.jpg	Incredible Speed	mmtcg/power-up/Mmtcg-PowerUp-IncredibleSpeed.jpg	default	Event	Power Up	PowerUp	playerNDeck				Red				5		4x Red		Add 8 to your blast destiny.		1SR105
PowerUp_1sr106MFWB.jpg	Method For Well-Being	mmtcg/power-up/Mmtcg-PowerUp-MethodForWellBeing.jpg	default	Event	Power Up	PowerUp	playerNDeck				Yellow				5		4x Yellow		Power up until your power gauge is full and burn all of your opponent's power.		1SR106
PowerUp_1sr107PE.JPG	Perfectly Executed	mmtcg/power-up/Mmtcg-PowerUp-PerfectlyExecuted.jpg	default	Event	Power Up	PowerUp	playerNDeck				Green				5		4x Green		Whenever your opponent loses an energy, you recharge an energy.	(Recharge an energy by placing a random card from your discard pile beneath your deck.)	1SR107
PowerUp_1sr108systemerror.jpg	System Error	mmtcg/power-up/Mmtcg-PowerUp-SystemError.jpg	default	Event	Power Up	PowerUp	playerNDeck				Blue				3	3	4x Blue		Burn 2 power. When you are about to lose energy during battle, your opponent loses that energy instead		1SR108
PowerUp_1sr109CountZap.jpg	Count Zap	mmtcg/power-up/Mmtcg-PowerUp-CountZap.jpg	default	Resource	Power Up	PowerUp	playerNDeck	Metal Head	NetOp	ElecMan	Green				5			1x ElecMan	Whenever you play another ElecMan card, you may recharge an energy.	(Recharge an energy by placing a random card from your discard pile beneath your deck.)	1SR109
PowerUp_1sr110dex.jpg	Dex	mmtcg/power-up/Mmtcg-PowerUp-Dex.jpg	default	Resource	Power Up	PowerUp	playerNDeck	Jokester	NetOp	GutsMan	Yellow				4	4		1x GutsMan	Whenever you play another GutsMan card, you may destroy a resource.		1SR110
PowerUp_1sr111Higsby.jpg	Higsby	mmtcg/power-up/Mmtcg-PowerUp-Higsby.jpg	default	Resource	Power Up	PowerUp	playerNDeck	Nerdy	NetOp	NumberMan	Red				3			1x NumberMan	Whenever you play another NumberMan card, you may place a card from your discard pile on top of your deck.		1SR111
PowerUp_1sr112Lan.jpg	Lan	mmtcg/power-up/Mmtcg-PowerUp-Lan.jpg	default	Resource	Power Up	PowerUp	playerNDeck	NetBattler	NetOp	MegaMan	Green				1	2		1x MegaMan	Whenever you play another MegaMan card, you may draw 2 cards.		1SR112
PowerUp_1sr113Maddy.JPG	Maddy	mmtcg/power-up/Mmtcg-PowerUp-Maddy.jpg	default	Resource	Power Up	PowerUp	playerNDeck	Trickster	NetOp	WackoMan	Green				3			1x WackoMan	Whenever you play another WackoMan card, you may make your opponent draws 2 cards.		1SR113
PowerUp_1sr114Maylu.jpg	Maylu	mmtcg/power-up/Mmtcg-PowerUp-Maylu.jpg	default	Resource	Power Up	PowerUp	playerNDeck	SweetHeart	NetOp	Roll	Yellow				5			1x Roll	Whenever you play another Roll card, you may look at the cards in your power gauge and replace them in any order.		1SR114
PowerUp_1sr115MrMatch.jpg	Mr. Match	mmtcg/power-up/Mmtcg-PowerUp-MrMatch.jpg	default	Resource	Power Up	PowerUp	playerNDeck	Red Hot	NetOp	TorchMan	Red				3			1x TorchMan	Whenever you play another TorchMan card, you may make your opponent lose an energy.		1SR115
PowerUp_1sr116yahoot.jpg	Yahoot	mmtcg/power-up/Mmtcg-PowerUp-Yahoot.jpg	default	Resource	Power Up	PowerUp	playerNDeck	Guru	NetOp	MagicMan	Blue				2			1x MagicMan	Whenever you play another MagicMan card, you may place a card from hand in your power gauge.		1SR116
PowerUp_1st101MM1.PNG	MegaMan	mmtcg/power-up/Mmtcg-PowerUp-MegaMan.png	default	NetNavi	Power Up	PowerUp	playerNNetNavi	NetWarrior		MegaMan		2	2	2							1St101
PowerUp_1st102Torchman.JPG	TorchMan	mmtcg/power-up/Mmtcg-PowerUp-TorchMan.jpg	default	NetNavi	Power Up	PowerUp	playerNNetNavi	HotHead		TorchMan		2	2	2							1St102
PowerUp_1st103fireitup.jpg	Fire it Up	mmtcg/power-up/Mmtcg-PowerUp-FireItUp.jpg	default	Resource	Power Up	PowerUp	playerNDeck				Red				2	3			SPEND: Lose 1 energy to add 3 to your blast destiny.		1St103
PowerUp_1st104richkid.jpg	Rich Kid	mmtcg/power-up/Mmtcg-PowerUp-RichKid.jpg	default	Resource	Power Up	PowerUp	playerNDeck				Green				2				SPEND: Burn a power to recharge 2 energy.		1St104
LevelUp_1T1.jpg	DarkCannon	mmtcg/level-up/Mmtcg-LevelUp-DarkCannon.jpg	default	BattleChip	Level Up	LevelUp	playerNDeck								5		3x Red		Spend 1 Level Up card. All cards revealed when you blast provide blast destiny.		1T1
LevelUp_1T2.jpg	All About Endurance	mmtcg/level-up/Mmtcg-LevelUp-AllAboutEndurance.jpg	default	Event	Level Up	LevelUp	playerNDeck				Green				5	3	2x Green		Spend 1 Level Up card. Discard 2 green cards to recharge 8 energy.	(Recharge an energy by placing a random card from your discard pile beneath your deck.)	1T2
LevelUp_1T3.png	Double Power	mmtcg/level-up/Mmtcg-LevelUp-DoublePower.png	default	Event	Level Up	LevelUp	playerNDeck				Yellow				4	3	1x Yellow		Spend 2 Level Up cards. Blast. This does not count against your blast limit.		1T3
LevelUp_1T4.jpg	Infamous Dr. Wily	mmtcg/level-up/Mmtcg-LevelUp-InfamousDrWily.jpg	default	Event	Level Up	LevelUp	playerNDeck				Blue				7		2x Blue		Spend 3 Level Up Cards. Discard a card to make your opponent discard his or her hand.		1T4
LevelUp_1T5.jpg	Pink Pixel Brat	mmtcg/level-up/Mmtcg-LevelUp-PinkPixelBrat.jpg	default	Event	Level Up	LevelUp	playerNDeck				Red				4	2	1x Red		Spend 2 Level Up cards. Make a NetNavi defense 0.		1T5
LevelUp_1T6.jpg	LEVEL UP!	mmtcg/level-up/Mmtcg-LevelUp-LEVELUP.jpg	default	Level Up!	Level Up	LevelUp	playerNDeck	MegaMan		MegaMan											1T6
LevelUp_1T7.jpg	LEVEL UP!	mmtcg/level-up/Mmtcg-LevelUp-LEVELUP-2.jpg	default	Level Up!	Level Up	LevelUp	playerNDeck	GutsMan		GutsMan											1T7
LevelUp_1T8.jpg	LEVEL UP!	mmtcg/level-up/Mmtcg-LevelUp-LEVELUP-3.jpg	default	Level Up!	Level Up	LevelUp	playerNDeck	Roll		Roll											1T8
PowerUp_1ur117counter1.jpg	Counter1	mmtcg/power-up/Mmtcg-PowerUp-Counter1.jpg	default	BattleChip	Power Up	PowerUp	playerNDeck								5	4			Discard 3 cards to make all of your cards destiny +5.		1UR117
PowerUp_1ur118jealousy.jpg	Jealousy	mmtcg/power-up/Mmtcg-PowerUp-Jealousy.jpg	default	BattleChip	Power Up	PowerUp	playerNDeck								5	5			Burn 4 power to make your NetNavi strength +10.		1UR118
PowerUp_1ur119.jpg	LifeAura	mmtcg/power-up/Mmtcg-PowerUp-LifeAura.jpg	default	BattleChip	Power Up	PowerUp	playerNDeck								5	5			Burn 5 power to make opponent discard his or her hand. Then you draw a card and recharge an energy for each card opponent discarded.		1UR119
PowerUp_1ur120mcannon.jpg	M-Cannon	mmtcg/power-up/Mmtcg-PowerUp-MCannon.jpg	default	BattleChip	Power Up	PowerUp	playerNDeck								3	5			Burn 5 power to make your NetNavi strength +3 for each resource in play.		1UR120
PowerUp_1ur121BTE.jpg	Best Throw Ever	mmtcg/power-up/Mmtcg-PowerUp-BestThrowEver.jpg	default	Event	Power Up	PowerUp	playerNDeck			NumberMan	Red				5	5		3x NumberMan	Lose 3 energy and note the total of their destinies. Add that amount to your blast destiny.		1UR121
PowerUp_1ur122busterblast.jpg	BusterBlast	mmtcg/power-up/Mmtcg-PowerUp-BusterBlast.jpg	default	Event	Power Up	PowerUp	playerNDeck			MegaMan	Green				7			3x MegaMan	Burn 1 power to draw 4 cards.		1UR122
PowerUp_1ur123feelthethump.jpg	Feel The Thump	mmtcg/power-up/Mmtcg-PowerUp-FeelTheThump.jpg	default	Event	Power Up	PowerUp	playerNDeck			GutsMan	Yellow				3			3x GutsMan	Spend 2 resources for no effect to destroy all of your opponent's resources and burn all of your opponent's power.		1UR123
PowerUp_1ur124FireFactory.jpg	Fire Factory	mmtcg/power-up/Mmtcg-PowerUp-FireFactory.jpg	default	Event	Power Up	PowerUp	playerNDeck			TorchMan	Red				5	5		3x TorchMan	Burn 3 power to make your opponent lose 12 energy.		1UR124
PowerUp_1ur125heartburn.jpg	HeartBurn	mmtcg/power-up/Mmtcg-PowerUp-HeartBurn.jpg	default	Event	Power Up	PowerUp	playerNDeck			WackoMan	Blue				5	5		3x WackoMan	Burn 2 power to make you opponent discard his or her hand and lose an energy for each card discarded.		1UR125
PowerUp_1ur126Shocker.jpg	Shocker	mmtcg/power-up/Mmtcg-PowerUp-Shocker.jpg	default	Event	Power Up	PowerUp	playerNDeck			ElecMan	Yellow				5	3		3x ElecMan	Burn 2 power to blast from your opponent's power gauge twice. This does not count against your blast limit.		1UR126
PowerUp_1ur127underestimated.jpg	Underestimated	mmtcg/power-up/Mmtcg-PowerUp-Underestimated.jpg	default	Event	Power Up	PowerUp	playerNDeck			Roll	Blue				5	3		3x Roll	Burn 3 power. Whenever you are about to lose an energy, you may recharge an energy instead. You may do this 5 times.		1UR127
PowerUp_1ur128wom.jpg	Wheel of Magic	mmtcg/power-up/Mmtcg-PowerUp-WheelOfMagic.jpg	default	Event	Power Up	PowerUp	playerNDeck			MagicMan	Green				7			3x MagicMan	Burn 2 power to take any 2 cards from your deck into hand. Shuffle your deck.		1UR128
Promo_2-1AO.jpg	Attentive Opponent	mmtcg/promo/Mmtcg-Promo-AttentiveOpponent.jpg	default	Resource	Promo	Promo	playerNDeck				Green				3	4			SPEND: Discard 4 cards. For each card of a different destiny you discard, each player draws a card and you recharge an energy.		2*1
Promo_2-2dosido.jpg	Do-Si-Do	mmtcg/promo/Mmtcg-Promo-DoSiDo.jpg	default	Resource	Promo	Promo	playerNDeck				Yellow				3	4			SPEND: Discard 4 cards. For each card of a different destiny you discard, burn an opponent's power and power up.		2*2
GrandPrix_2c1airman.jpg	AirMan	mmtcg/grand-prix/Mmtcg-GrandPrix-AirMan.jpg	default	NetNavi	Grand Prix	GrandPrix	playerNNetNavi	Ready to Blow		AirMan		1	2	3					Whenever you play a BattleChip, you may return up to 2 resources to their owners' hands.		2C1
Promo_S7.gif	MegaMan	mmtcg/promo/Mmtcg-Promo-MegaMan.gif	default	NetNavi	Promo	Promo	playerNNetNavi	NetCity Defender		MegaMan		2	2	4					Whenever you play a BattleChip, you may burn an opponent's power.		2C1
GrandPrix_2c10holypanel.JPG	HolyPanel	mmtcg/grand-prix/Mmtcg-GrandPrix-HolyPanel.jpg	default	BattleChip	Grand Prix	GrandPrix	playerNDeck								2	3			Whenever you spend a resource, you may recharge an energy.		2C10
GrandPrix_2c11MR1.JPG	MokoRush1	mmtcg/grand-prix/Mmtcg-GrandPrix-MokoRush1.jpg	default	BattleChip	Grand Prix	GrandPrix	playerNDeck								3		1x Red		Whenever your opponent blasts, you may make your NetNavi defense +3.		2C11
GrandPrix_2c12Vulcan2.jpg	Vulcan2	mmtcg/grand-prix/Mmtcg-GrandPrix-Vulcan2.jpg	default	BattleChip	Grand Prix	GrandPrix	playerNDeck								1	3			Make your NetNavi strength +3.		2C12
GrandPrix_2c13ww1.jpg	WhiteWeb1	mmtcg/grand-prix/Mmtcg-GrandPrix-WhiteWeb1.jpg	default	BattleChip	Grand Prix	GrandPrix	playerNDeck								3	2			Your opponent cannot recharge energy.		2C13
GrandPrix_2c14chipjunkie.jpg	Chip Junkie	mmtcg/grand-prix/Mmtcg-GrandPrix-ChipJunkie.jpg	default	Event	Grand Prix	GrandPrix	playerNDeck				Red				5		1x Red		Reveal a random card from your discard pile. If it is a BattleChip, you may play it. This does not count against your BattleChip limit.		2C14
GrandPrix_2c15choosecarefully.jpg	Choose Carefully	mmtcg/grand-prix/Mmtcg-GrandPrix-ChooseCarefully.jpg	default	Event	Grand Prix	GrandPrix	playerNDeck				Green				5		1x Green		Name a card type. Lose energy one card at a time until you lose a card of that type. Take that card into hand.		2C15
GrandPrix_2c16CountingDown.jpg	Counting Down	mmtcg/grand-prix/Mmtcg-GrandPrix-CountingDown.jpg	default	Event	Grand Prix	GrandPrix	playerNDeck				Yellow				5		1x Yellow		Look at the cards in your power gauge and replace them in any order.		2C16
GrandPrix_2c17lac.jpg	Loud and Clear	mmtcg/grand-prix/Mmtcg-GrandPrix-LoudAndClear.jpg	default	Event	Grand Prix	GrandPrix	playerNDeck				Blue				5		1x Blue		Opponent discards down to 3 cards.		2C17
GrandPrix_2c18airhead.JPG	Air Head	mmtcg/grand-prix/Mmtcg-GrandPrix-AirHead.jpg	default	Resource	Grand Prix	GrandPrix	playerNDeck			AirMan	Blue				2			1x AirMan	SPEND: Place a card from hand on top of your deck to make a NetNavi +2 until end of next turn.		2C18
GrandPrix_2c19bitten.jpg	Bitten	mmtcg/grand-prix/Mmtcg-GrandPrix-Bitten.jpg	default	Resource	Grand Prix	GrandPrix	playerNDeck				Blue				3	2			SPEND: Discard a card with your NetNavi's emblem to place 2 cards from hand in your power gauge.		2C19
GrandPrix_2c2Iceman.JPG	IceMan	mmtcg/grand-prix/Mmtcg-GrandPrix-IceMan.jpg	default	NetNavi	Grand Prix	GrandPrix	playerNNetNavi	Deceptively Cool		IceMan		1	3	4					Whenever you play a resource, you may make your opponent play a card from hand in his or her power gauge.		2C2
GrandPrix_2c20ChargeForward.jpg	Charge Forward	mmtcg/grand-prix/Mmtcg-GrandPrix-ChargeForward.jpg	default	Resource	Grand Prix	GrandPrix	playerNDeck				Yellow				3				SPEND: Discard a yellow card to place a card from your discard pile into your power gauge.		2C20
GrandPrix_2c21CEO.jpg	Clean 'Em Out	mmtcg/grand-prix/Mmtcg-GrandPrix-CleanEmOut.jpg	default	Resource	Grand Prix	GrandPrix	playerNDeck				Red				1				SPEND: Discard a red card to make your NetNavi defense +3.		2C21
GrandPrix_2c22doggeddeterm.jpg	Dogged Determination	mmtcg/grand-prix/Mmtcg-GrandPrix-DoggedDetermination.jpg	default	Resource	Grand Prix	GrandPrix	playerNDeck				Blue				1				SPEND: Discard a blue card to cancel a BattleChip.		2C22
GrandPrix_2c23gaia.jpg	Gaia	mmtcg/grand-prix/Mmtcg-GrandPrix-Gaia.jpg	default	Resource	Grand Prix	GrandPrix	playerNDeck		Virus		Blue				4	4			SPEND: Burn a power to prevent your opponent from playing events and BattleChips.		2C23
GrandPrix_2c24gloomer.jpg	Gloomer	mmtcg/grand-prix/Mmtcg-GrandPrix-Gloomer.jpg	default	Resource	Grand Prix	GrandPrix	playerNDeck		Virus		Green				3	3			SPEND: Make your opponent take a card from his or her discard pile into hand to draw 2 cards.		2C24
GrandPrix_2c25guidance.jpg	Guidance	mmtcg/grand-prix/Mmtcg-GrandPrix-Guidance.jpg	default	Resource	Grand Prix	GrandPrix	playerNDeck			MegaMan	Blue				4			1x MegaMan	SPEND: Place a blue card from hand in your power gauge. Place this card in your power gauge.		2C25
GrandPrix_2c26HTF.jpg	Head to Fist	mmtcg/grand-prix/Mmtcg-GrandPrix-HeadToFist.jpg	default	Resource	Grand Prix	GrandPrix	playerNDeck			SnakeMan	Red				2			1x SnakeMan	SPEND: Discard a card and note its destiny. Add that amount to your blast destiny.		2C26
GrandPrix_2c27headstrong.jpg	Headstrong NetNavi	mmtcg/grand-prix/Mmtcg-GrandPrix-HeadstrongNetNavi.jpg	default	Resource	Grand Prix	GrandPrix	playerNDeck				Blue				1	3			SPEND: Discard 2 cards to reduce a NetNavi's strength to 0.		2C27
GrandPrix_2c28hotice.jpg	Hot Ice	mmtcg/grand-prix/Mmtcg-GrandPrix-HotIce.jpg	default	Resource	Grand Prix	GrandPrix	playerNDeck			IceMan	Yellow				3	4		1x IceMan	SPEND: Place a resource in its owner's power gauge.		2C28
GrandPrix_2c29itselectric.jpg	It's Electric	mmtcg/grand-prix/Mmtcg-GrandPrix-ItsElectric.jpg	default	Resource	Grand Prix	GrandPrix	playerNDeck				Yellow				1	2			SPEND: Discard 2 cards to burn 3 of an opponent's power.		2C29
GrandPrix_2c3megaman2.JPG	MegaMan	mmtcg/grand-prix/Mmtcg-GrandPrix-MegaMan.jpg	default	NetNavi	Grand Prix	GrandPrix	playerNNetNavi	BattleMaster		MegaMan		2	3	4							2C3
GrandPrix_2c30kilby.jpg	Kilby	mmtcg/grand-prix/Mmtcg-GrandPrix-Kilby.jpg	default	Resource	Grand Prix	GrandPrix	playerNDeck		Virus		Green				4	4			SPEND: Make your opponent take a card from his or her discard pile into hand to recharge 3 energy.		2C30
GrandPrix_2c31mettaur.jpg	Mettaur	mmtcg/grand-prix/Mmtcg-GrandPrix-Mettaur.jpg	default	Resource	Grand Prix	GrandPrix	playerNDeck		Virus		Yellow				4	4			SPEND: Lose 3 energy to burn an opponent's power.		2C31
GrandPrix_2c32MTC.jpg	More to Come	mmtcg/grand-prix/Mmtcg-GrandPrix-MoreToCome.jpg	default	Resource	Grand Prix	GrandPrix	playerNDeck			SnakeMan	Green				3			1x SnakeMan	SPEND: Discard a card an note its destiny. Take a card of that destiny into hand from your discard pile.		2C32
GrandPrix_2c33peace.jpg	Peace	mmtcg/grand-prix/Mmtcg-GrandPrix-Peace.jpg	default	Resource	Grand Prix	GrandPrix	playerNDeck				Blue				2				SPEND: Lose 2 energy to make a NetNavi blast +2 until end of next turn.		2C33
GrandPrix_2c34PR.jpg	Permanent Results	mmtcg/grand-prix/Mmtcg-GrandPrix-PermanentResults.jpg	default	Resource	Grand Prix	GrandPrix	playerNDeck			PharaohMan	Red				2	2		1x PharaohMan	SPEND: Burn a power to make your opponent lose 3 energy.		2C34
GrandPrix_2c35playinghooky.JPG	Playing Hooky	mmtcg/grand-prix/Mmtcg-GrandPrix-PlayingHooky.jpg	default	Resource	Grand Prix	GrandPrix	playerNDeck				Green				3	2			SPEND: Discard 2 cards to take a card into hand from your deck. Shuffle your deck.		2C35
GrandPrix_2c36Playtime.jpg	Playtime	mmtcg/grand-prix/Mmtcg-GrandPrix-Playtime.jpg	default	Resource	Grand Prix	GrandPrix	playerNDeck				Green				3				SPEND: Discard a green card to draw 2 cards.		2C36
GrandPrix_2c37RTT.jpg	Raise the Temp	mmtcg/grand-prix/Mmtcg-GrandPrix-RaiseTheTemp.jpg	default	Resource	Grand Prix	GrandPrix	playerNDeck				Red				1	2			SPEND: Place a card from your discard pile on top of your deck.		2C37
GrandPrix_2c38readyaim.JPG	Ready, Aim,�Ķ	mmtcg/grand-prix/Mmtcg-GrandPrix-ReadyAim.jpg	default	Resource	Grand Prix	GrandPrix	playerNDeck				Yellow				2	2			SPEND: Discard a card with your NetNavi's emblem to burn 2 of an opponent's power.		2C38
GrandPrix_2c39Rollofthunder.jpg	Roll of Thunder	mmtcg/grand-prix/Mmtcg-GrandPrix-RollOfThunder.jpg	default	Resource	Grand Prix	GrandPrix	playerNDeck				Yellow				3	3			SPEND: Discard a card to blast. This does not count against your blast limit.		2C39
GrandPrix_2c4snakeman.jpg	SnakeMan	mmtcg/grand-prix/Mmtcg-GrandPrix-SnakeMan.jpg	default	NetNavi	Grand Prix	GrandPrix	playerNNetNavi	Sly Bandit		SnakeMan		1	3	2							2C4
GrandPrix_2c40rush.jpg	Rush	mmtcg/grand-prix/Mmtcg-GrandPrix-Rush.jpg	default	Resource	Grand Prix	GrandPrix	playerNDeck	Roll Over	Ally		Green				3	3			SPEND: Place all viruses in play beneath their owners' decks.		2C40
GrandPrix_2c41shrimpy.jpg	Shrimpy2	mmtcg/grand-prix/Mmtcg-GrandPrix-Shrimpy2.jpg	default	Resource	Grand Prix	GrandPrix	playerNDeck		Virus		Blue				2	3			SPEND: Burn a power to add your NetNavi's defense to your blast destiny.		2C41
GrandPrix_2c42Silly.JPG	Silly	mmtcg/grand-prix/Mmtcg-GrandPrix-Silly.jpg	default	Resource	Grand Prix	GrandPrix	playerNDeck		Virus		Yellow				4	5			SPEND: Lose 3 energy to destroy an opponent's resource.		2C42
GrandPrix_2c43snowedin.jpg	Snowed In	mmtcg/grand-prix/Mmtcg-GrandPrix-SnowedIn.jpg	default	Resource	Grand Prix	GrandPrix	playerNDeck			IceMan	Green				1			1x IceMan	SPEND: Lose an energy to draw 2 cards.		2C43
GrandPrix_2c44spikey.jpg	Spikey	mmtcg/grand-prix/Mmtcg-GrandPrix-Spikey.jpg	default	Resource	Grand Prix	GrandPrix	playerNDeck		Virus		Red				1				SPEND: Discard a card to play a BattleChip. This does not count against your BattleChip limit.		2C44
GrandPrix_2c45spincycle.jpg	Spin Cycle	mmtcg/grand-prix/Mmtcg-GrandPrix-SpinCycle.jpg	default	Resource	Grand Prix	GrandPrix	playerNDeck			AirMan	Green				3			1x AirMan	SPEND: Place a card from your power gauge on top of your deck to recharge 2 energy.		2C45
GrandPrix_2c46TS.jpg	Talking Smack	mmtcg/grand-prix/Mmtcg-GrandPrix-TalkingSmack.jpg	default	Resource	Grand Prix	GrandPrix	playerNDeck			ProtoMan	Blue				3			1x ProtoMan	SPEND: Make your ProtoMan blast -1.		2C46
GrandPrix_2c47theway.jpg	The Way	mmtcg/grand-prix/Mmtcg-GrandPrix-TheWay.jpg	default	Resource	Grand Prix	GrandPrix	playerNDeck				Green				2				SPEND: Discard a card with your NetNavi's emblem to recharge 3 energy.		2C47
GrandPrix_2c48ToA.jpg	Thrill of Anticipation	mmtcg/grand-prix/Mmtcg-GrandPrix-ThrillOfAnticipation.jpg	default	Resource	Grand Prix	GrandPrix	playerNDeck			MegaMan	Yellow				2			1x MegaMan	SPEND: Discard a yellow card to burn an opponent's power and power up.		2C48
GrandPrix_2c49vulgear.jpg	VulGear	mmtcg/grand-prix/Mmtcg-GrandPrix-VulGear.jpg	default	Resource	Grand Prix	GrandPrix	playerNDeck		Virus		Red				3				SPEND: Discard a card to add 2 to your blast destiny.		2C49
GrandPrix_2c5boomer1.jpg	Boomer1	mmtcg/grand-prix/Mmtcg-GrandPrix-Boomer1.jpg	default	BattleChip	Grand Prix	GrandPrix	playerNDeck								1		1x Yellow		Make your NetNavi strength +3.		2C5
GrandPrix_2c50weepers.jpg	Weepers	mmtcg/grand-prix/Mmtcg-GrandPrix-Weepers.jpg	default	Resource	Grand Prix	GrandPrix	playerNDeck				Red				2	3			SPEND: Reveal the top card of your deck. You may play it, even if it is a resource.		2C50
GrandPrix_2c6fstgauge.jpg	FastGauge	mmtcg/grand-prix/Mmtcg-GrandPrix-FastGauge.jpg	default	BattleChip	Grand Prix	GrandPrix	playerNDeck								1	2	2x Green		Whenever you lose an energy, you may draw a card.		2C6
GrandPrix_2c7grabrev.jpg	GrabRevenge	mmtcg/grand-prix/Mmtcg-GrandPrix-GrabRevenge.jpg	default	BattleChip	Grand Prix	GrandPrix	playerNDeck								4		1x Blue		Whenever you play an event, you may return a resource to its owner's hand.		2C7
GrandPrix_2c8guard2.jpg	Guard2	mmtcg/grand-prix/Mmtcg-GrandPrix-Guard2.jpg	default	BattleChip	Grand Prix	GrandPrix	playerNDeck								4	3			Discard a blue card to make your NetNavi defense +4.		2C8
GrandPrix_2c9hicannon.jpg	HiCannon	mmtcg/grand-prix/Mmtcg-GrandPrix-HiCannon.jpg	default	BattleChip	Grand Prix	GrandPrix	playerNDeck								4	3			Burn a power to make your NetNavi strength +1 for each resource in play.		2C9
Promo_2p1protoman2.jpg	ProtoMan	mmtcg/promo/Mmtcg-Promo-ProtoMan.jpg	default	NetNavi	Promo	Promo	playerNNetNavi	Unbeatabale		ProtoMan		3	2	5					Whenever you play a BattleChip, you may add 2 to your blast destiny.		2P1
Promo_2p2maysaSS.jpg	Maysa	mmtcg/promo/Mmtcg-Promo-Maysa.jpg	default	Resource	Promo	Promo	playerNDeck	Staunch Supporter			Blue				3	4			You may have an additional resource in play. SPEND: Place any number of your resources in play (including this one) in your power gauge.		2P2
Promo_2p3drhikari.jpg	Dr. Hikari	mmtcg/promo/Mmtcg-Promo-DrHikari.jpg	default	Resource	Promo	Promo	playerNDeck	Paternal Hero			Red				4	4			SPEND: Reveal all cards in your power gauge. You may play one, even if it is a resource.		2P3
Promo_2p4letsjam.jpg	Let's Jam	mmtcg/promo/Mmtcg-Promo-LetsJam.jpg	default	Resource	Promo	Promo	playerNDeck				Green				1	3			SPEND: Burn 2 power to draw 5 cards.		2P4
Promo_2p5flatter.jpg	Flatter Yourself	mmtcg/promo/Mmtcg-Promo-FlatterYourself.jpg	default	Resource	Promo	Promo	playerNDeck				Red				1	2			SPEND: Discard a card with your NetNavi's emblem to add 4 to your blast destiny.		2P5
GrandPrix_2r51Anubis.jpg	Anubis	mmtcg/grand-prix/Mmtcg-GrandPrix-Anubis.jpg	default	BattleChip	Grand Prix	GrandPrix	playerNDeck			PharaohMan					3	3	2x Yellow	1x PharaohMan	Discard a PharaohMan card to make your PharaohMan strength +2 for each resource in play.		2R51
GrandPrix_2r52blizzard.jpg	Blizzard	mmtcg/grand-prix/Mmtcg-GrandPrix-Blizzard.jpg	default	BattleChip	Grand Prix	GrandPrix	playerNDeck			IceMan					7		2x Yellow	1x IceMan	Discard an IceMan card to make your IceMan strength +2 for each card in your opponent's power gauge.		2R52
GrandPrix_2r53CustSword.jpg	CustomSword	mmtcg/grand-prix/Mmtcg-GrandPrix-CustomSword.jpg	default	BattleChip	Grand Prix	GrandPrix	playerNDeck			ProtoMan					3	3	2x Blue	1x ProtoMan	Discard a ProtoMan card to double your ProtoMan's strength.		2R53
GrandPrix_2r54Magnum.jpg	Magnum	mmtcg/grand-prix/Mmtcg-GrandPrix-Magnum.jpg	default	BattleChip	Grand Prix	GrandPrix	playerNDeck								3	4	1x Red		Discard 2 cards and note their destinies. Add their total value to your NetNavi's strength.		2R54
GrandPrix_2r55NeoVari.jpg	NeoVariable	mmtcg/grand-prix/Mmtcg-GrandPrix-NeoVariable.jpg	default	BattleChip	Grand Prix	GrandPrix	playerNDeck			MegaMan					3		2x Yellow	1x MegaMan	Discard a MegaMan card and burn 2 powernote the higher destiny. Add that amount to MegaMan's strength twice.		2R55
GrandPrix_2r56snake.jpg	Snake	mmtcg/grand-prix/Mmtcg-GrandPrix-Snake.jpg	default	BattleChip	Grand Prix	GrandPrix	playerNDeck			SnakeMan					5		2x Green	1x SnakeMan	Discard a SnakeMan card to make your SnakeMan defense +3 for each card in hand.		2R56
GrandPrix_2r57wind.jpg	Wind	mmtcg/grand-prix/Mmtcg-GrandPrix-Wind.jpg	default	BattleChip	Grand Prix	GrandPrix	playerNDeck			AirMan					5		2x Blue	1x AirMan	Discard an AirMan card to make your AirMan blast -1 and strength +6.		2R57
GrandPrix_2r58AAC.jpg	Always a Competition	mmtcg/grand-prix/Mmtcg-GrandPrix-AlwaysACompetition.jpg	default	Event	Grand Prix	GrandPrix	playerNDeck				Yellow				3		2x Yellow		Spend a yellow resource for no effect to power up 4 times.		2R58
GrandPrix_2r59burned.jpg	Burner	mmtcg/grand-prix/Mmtcg-GrandPrix-Burner.jpg	default	Event	Grand Prix	GrandPrix	playerNDeck				Red				2		2x Red		Make your opponent lose an energy for each resource in play.		2R59
GrandPrix_2r60CoV.jpg	Construct a Victory	mmtcg/grand-prix/Mmtcg-GrandPrix-ConstructAVictory.jpg	default	Event	Grand Prix	GrandPrix	playerNDeck				Green				5		2x Green		Spend a green resource for no effect to draw a card for each card in your opponent's hand.		2R60
GrandPrix_2r61enlightenment.JPG	Enlightenment	mmtcg/grand-prix/Mmtcg-GrandPrix-Enlightenment.jpg	default	Event	Grand Prix	GrandPrix	playerNDeck				Green				2		2x Green		Choose any cards from your hand, power gauge and resources in play and place them beneath your deck.		2R61
GrandPrix_2r62FriendlyRivals.jpg	Friendly Rivals	mmtcg/grand-prix/Mmtcg-GrandPrix-FriendlyRivals.jpg	default	Event	Grand Prix	GrandPrix	playerNDeck			IceMan	Green				1			1x IceMan	Opponent places each card in his or her power gauge beneath his or her deck.		2R62
GrandPrix_2r63GraveProblem.jpg	Grave Problem	mmtcg/grand-prix/Mmtcg-GrandPrix-GraveProblem.jpg	default	Event	Grand Prix	GrandPrix	playerNDeck				Blue				1		2x Blue		Opponent takes all cards in his or her power gauge into hand.		2R63
GrandPrix_2r64lfls.jpg	Like Father, Like Son	mmtcg/grand-prix/Mmtcg-GrandPrix-LikeFatherLikeSon.jpg	default	Event	Grand Prix	GrandPrix	playerNDeck				Blue				4		2x Blue		Return up to 3 resources to their owners'hands.		2R64
GrandPrix_2r65noseknows.jpg	Nose Knows	mmtcg/grand-prix/Mmtcg-GrandPrix-NoseKnows.jpg	default	Event	Grand Prix	GrandPrix	playerNDeck				Red				5		2x Red		Add 1 to your blast destiny for each resource in play.		2R65
GrandPrix_2r66UnwaveringLoyalty.jpg	Unwavering Loyalty	mmtcg/grand-prix/Mmtcg-GrandPrix-UnwaveringLoyalty.jpg	default	Event	Grand Prix	GrandPrix	playerNDeck			MegaMan	Blue				2			1x MegaMan	Discard a card to make your MegaMan blast -2. Place this card in your power gauge.		2R66
GrandPrix_2r67WaI.jpg	What an Intrusion	mmtcg/grand-prix/Mmtcg-GrandPrix-WhatAnIntrusion.jpg	default	Event	Grand Prix	GrandPrix	playerNDeck				Yellow				3		2x Yellow		Place all cards in your hand in your power gauge.		2R67
GrandPrix_2r68ahigherlevel.jpg	A Higher Level	mmtcg/grand-prix/Mmtcg-GrandPrix-AHigherLevel.jpg	default	Resource	Grand Prix	GrandPrix	playerNDeck			ProtoMan	Red				3	4		1x ProtoMan	SPEND: Add 4 to your blast destiny.		2R68
GrandPrix_2r69Bringiton.jpg	Bring It On	mmtcg/grand-prix/Mmtcg-GrandPrix-BringItOn.jpg	default	Resource	Grand Prix	GrandPrix	playerNDeck			ProtoMan	Blue				4			1x ProtoMan	SPEND: Reduce your ProtoMan's strength by any amount (to a minimum of 0) to reduce his blast by that amount.		2R69
GrandPrix_2r70FO.jpg	Falling Object	mmtcg/grand-prix/Mmtcg-GrandPrix-FallingObject.jpg	default	Resource	Grand Prix	GrandPrix	playerNDeck			PharaohMan	Red				2			1x PharaohMan	SPEND: Burn a power to place 2 cards from your discard pile on top of your deck.		2R70
GrandPrix_2r71foha.jpg	Full of Hot Air	mmtcg/grand-prix/Mmtcg-GrandPrix-FullOfHotAir.jpg	default	Resource	Grand Prix	GrandPrix	playerNDeck			AirMan	Green				5	2		1x AirMan	SPEND: Place this card on top of your deck.		2R71
GrandPrix_2r72Glide.JPG	Glide	mmtcg/grand-prix/Mmtcg-GrandPrix-Glide.jpg	default	Resource	Grand Prix	GrandPrix	playerNDeck	At Your Service	Ally		Green				1	5			SPEND: Take a card from your deck into hand. Shuffle your deck.		2R72
GrandPrix_2r73keepbattling.jpg	Keep Battling	mmtcg/grand-prix/Mmtcg-GrandPrix-KeepBattling.jpg	default	Resource	Grand Prix	GrandPrix	playerNDeck			SnakeMan	Green				3	3		1x SnakeMan	SPEND: If you have no cards in hand, burn a power to draw 4 cards.		2R73
GrandPrix_2r74megamanally.jpg	MegaMan	mmtcg/grand-prix/Mmtcg-GrandPrix-MegaMan-2.jpg	default	Resource	Grand Prix	GrandPrix	playerNDeck	Licensed to Delete	Ally		Red				1	4			SPEND: Make your opponent lose 3 energy.		2R74
GrandPrix_2r75Petrify.jpg	Petrify	mmtcg/grand-prix/Mmtcg-GrandPrix-Petrify.jpg	default	Resource	Grand Prix	GrandPrix	playerNDeck			PharaohMan	Yellow				2	2		1x PharaohMan	SPEND: Burn 3 power to burn all of your opponent's power.		2R75
GrandPrix_2r76protomanally.jpg	ProtoMan	mmtcg/grand-prix/Mmtcg-GrandPrix-ProtoMan.jpg	default	Resource	Grand Prix	GrandPrix	playerNDeck	Controlled Fury	Ally		Blue				1	4			SPEND: Make your opponent place each card in hand in his or her power gauge.		2R76
GrandPrix_2r77Rollally.JPG	Roll	mmtcg/grand-prix/Mmtcg-GrandPrix-Roll.jpg	default	Resource	Grand Prix	GrandPrix	playerNDeck	Downtown Chaperone	Ally		Yellow				1	4			SPEND: Power up twice for each other ally you have in play.		2R77
GrandPrix_2sr82correction.jpg	Correction	mmtcg/grand-prix/Mmtcg-GrandPrix-Correction.jpg	default	Event	Grand Prix	GrandPrix	playerNDeck				Blue				5		3x Blue		Opponent discards down to 1 card.		2SR82
GrandPrix_2sr83oyo.jpg	Owe You One	mmtcg/grand-prix/Mmtcg-GrandPrix-OweYouOne.jpg	default	Event	Grand Prix	GrandPrix	playerNDeck				Green				5		3x Green		Opponent draws 3 cards and you recharge 3 energy.		2SR83
GrandPrix_2sr84US.jpg	Ultimate Sacrifice	mmtcg/grand-prix/Mmtcg-GrandPrix-UltimateSacrifice.jpg	default	Event	Grand Prix	GrandPrix	playerNDeck				Yellow				5		3x Yellow		Destroy all resources, burn all power and discard all hands.		2SR84
GrandPrix_2sr85unbelievable.jpg	Unbelievable!	mmtcg/grand-prix/Mmtcg-GrandPrix-Unbelievable.jpg	default	Event	Grand Prix	GrandPrix	playerNDeck				Red				5		3x Red		Place all BattleChips in your discard pile on top of your deck.		2SR85
GrandPrix_2sr86arashi.jpg	Arashi	mmtcg/grand-prix/Mmtcg-GrandPrix-Arashi.jpg	default	Resource	Grand Prix	GrandPrix	playerNDeck	Wide Open	NetOp	AirMan	Blue				4	4		1x AirMan	Your AirMan is blast -1 for each of your other AirMan cards in play.		2SR86
GrandPrix_2sr87chaud.jpg	Chaud	mmtcg/grand-prix/Mmtcg-GrandPrix-Chaud.jpg	default	Resource	Grand Prix	GrandPrix	playerNDeck	Smooth Operator	NetOp	ProtoMan	Red				4	4		1x ProtoMan	Your ProtoMan is defense +1 for each of your other ProtoMan cards in play.		2SR87
GrandPrix_2sr88LanHS.jpg	Lan	mmtcg/grand-prix/Mmtcg-GrandPrix-Lan.jpg	default	Resource	Grand Prix	GrandPrix	playerNDeck	Hot Shot	NetOp	MegaMan	Blue				2	3		1x MegaMan	Your power gauge has one additional position for each of your MegaMan cards in play.		2SR88
GrandPrix_2sr89ms.jpg	Ms. Millionaire	mmtcg/grand-prix/Mmtcg-GrandPrix-MsMillionaire.jpg	default	Resource	Grand Prix	GrandPrix	playerNDeck	Politely Evil	NetOp	SnakeMan	Green				2	3		1x SnakeMan	Your SnakeMan is strength +1 for each of your other SnakeMan cards in play.		2SR89
GrandPrix_2sr90SacredKingdom.jpg	Sacred Kingdom	mmtcg/grand-prix/Mmtcg-GrandPrix-SacredKingdom.jpg	default	Resource	Grand Prix	GrandPrix	playerNDeck			PharaohMan	Yellow				5	5		1x PharaohMan	Whenever you are about to lose an energy during battle, you may power up instead. You may only do this once each turn for each of your other PharaohMan cards in play.		2SR90
GrandPrix_2sr91Tory.jpg	Tory	mmtcg/grand-prix/Mmtcg-GrandPrix-Tory.jpg	default	Resource	Grand Prix	GrandPrix	playerNDeck	Rookie NetOp	NetOp	IceMan	Yellow				3	4		1x IceMan	Whenever you blast, you may place a card from hand in your power gauge for each of your other IceMan cards in play.		2SR91
GrandPrix_2st78pharaohman.jpg	PharaohMan	mmtcg/grand-prix/Mmtcg-GrandPrix-PharaohMan.jpg	default	NetNavi	Grand Prix	GrandPrix	playerNNetNavi	Ultimate NetNavi		PharaohMan		3	2	4							2St78
GrandPrix_2st79Protoman1.JPG	ProtoMan	mmtcg/grand-prix/Mmtcg-GrandPrix-ProtoMan-2.jpg	default	NetNavi	Grand Prix	GrandPrix	playerNNetNavi	GrandPrix Champ		ProtoMan		3	1	2							2St79
GrandPrix_2st80OtD.jpg	Open the Door	mmtcg/grand-prix/Mmtcg-GrandPrix-OpenTheDoor.jpg	default	Resource	Grand Prix	GrandPrix	playerNDeck				Red				3	4			SPEND: If you played a BattleChip this turn, add its destiny to your blast destiny.		2St80
GrandPrix_2st81VM.jpg	Virtual Martyr	mmtcg/grand-prix/Mmtcg-GrandPrix-VirtualMartyr.jpg	default	Resource	Grand Prix	GrandPrix	playerNDeck				Blue				3	4			SPEND: Make a NetNavi blast -1 until end of next turn. Place this card in your power gauge.		2St81
GrandPrix_2ur100allnatural.jpg	All Natural	mmtcg/grand-prix/Mmtcg-GrandPrix-AllNatural.jpg	default	Resource	Grand Prix	GrandPrix	playerNDeck			IceMan	Green				3	4		1x IceMan	SPEND: Burn 5 power to reveal all cards in your opponent's power gauge and note the total of their destinies. Recharge that much energy.		2UR100
GrandPrix_2ur101GBG.jpg	Glow, Baby, Glow	mmtcg/grand-prix/Mmtcg-GrandPrix-GlowBabyGlow.jpg	default	Resource	Grand Prix	GrandPrix	playerNDeck			MegaMan	Yellow				5	4		1x MegaMan	SPEND: Discard 3 cards to power up 5 times.		2UR101
GrandPrix_2ur92BB3.jpg	BoysBomb3	mmtcg/grand-prix/Mmtcg-GrandPrix-BoysBomb3.jpg	default	BattleChip	Grand Prix	GrandPrix	playerNDeck								5	4	3x Yellow		Lose 2 energy to make your NetNavi strength +3 for each card in your power gauge.		2UR92
GrandPrix_2ur93doublepoint.jpg	DoublePoint	mmtcg/grand-prix/Mmtcg-GrandPrix-DoublePoint.jpg	default	BattleChip	Grand Prix	GrandPrix	playerNDeck								5	4			Burn 2 power to make your NetNavi strength +2 for each BattleChip you play this turn (including this one). You may play another BattleChip.		2UR93
GrandPrix_2ur94geddon3.jpg	Geddon3	mmtcg/grand-prix/Mmtcg-GrandPrix-Geddon3.jpg	default	BattleChip	Grand Prix	GrandPrix	playerNDeck								5	5	1x Green		Burn 3 power to make your NetNavi strength +2 for each card in your hand and your opponent's hand.		2UR94
GrandPrix_2ur95recov200.jpg	Recovery200	mmtcg/grand-prix/Mmtcg-GrandPrix-Recovery200.jpg	default	BattleChip	Grand Prix	GrandPrix	playerNDeck								5	3			Discard 4 cards of the same color to make your NetNavi defense +10.		2UR95
GrandPrix_2ur96BlownAway.jpg	Blown Away	mmtcg/grand-prix/Mmtcg-GrandPrix-BlownAway.jpg	default	Event	Grand Prix	GrandPrix	playerNDeck			AirMan	Blue				2			1x AirMan	Lose 1 energy for each point of your AirMan's blast and note each destiny. Opponent reveals his or her hand and discards each card with any of those destinies.		2UR96
GrandPrix_2ur97CEA.jpg	Collect 'Em All	mmtcg/grand-prix/Mmtcg-GrandPrix-CollectEmAll.jpg	default	Event	Grand Prix	GrandPrix	playerNDeck			SnakeMan	Red				6			1x SnakeMan	Discard 2 cards to make your opponent lose 1 energy for each point of his or her blast destiny.		2UR97
GrandPrix_2ur98DarkAdmon.jpg	Dark Admonition	mmtcg/grand-prix/Mmtcg-GrandPrix-DarkAdmonition.jpg	default	Event	Grand Prix	GrandPrix	playerNDeck			ProtoMan	Red				3			1x ProtoMan	Lose 2 energy for each point of strength your ProtoMan has to make your opponent lose 5 energy.		2UR98
GrandPrix_2ur99liberation.jpg	Liberation	mmtcg/grand-prix/Mmtcg-GrandPrix-Liberation.jpg	default	Event	Grand Prix	GrandPrix	playerNDeck			PharaohMan	Red				3			3x PharaohMan	Whenever you burn a power, you make add 3 to your blast destiny.		2UR99
Promo_3-1theoath.jpg	The Oath	mmtcg/promo/Mmtcg-Promo-TheOath.jpg	default	Resource	Promo	Promo	playerNDeck				Blue				0	2			SPEND: Burn a power to cancel a blast destiny.		3*1
Grave_3c1Magnetman.JPG	MagnetMan	mmtcg/grave/Mmtcg-Grave-MagnetMan.jpg	default	NetNavi	Grave	Grave	playerNNetNavi	Polarized		MagnetMan		4	0	3					Whenever you blast, you may recharge 2 energy.		3C1
Grave_3c10nojoke.jpg	No Joke	mmtcg/grave/Mmtcg-Grave-NoJoke.jpg	default	Event	Grave	Grave	playerNDeck				Yellow				5		1x Yellow		Opponent powers up twice.		3C10
Grave_3c11WIU.jpg	Wrap It Up	mmtcg/grave/Mmtcg-Grave-WrapItUp.jpg	default	Event	Grave	Grave	playerNDeck				Red				2				Add 3 to your blast destiny.		3C11
Grave_3c12backedup.jpg	Backed Up	mmtcg/grave/Mmtcg-Grave-BackedUp.jpg	default	Resource	Grave	Grave	playerNDeck			WoodMan	Red				1			1x WoodMan	SPEND: Return this resource to your hand.		3C12
Grave_3c13bomboy.jpg	BomBoy	mmtcg/grave/Mmtcg-Grave-BomBoy.jpg	default	Resource	Grave	Grave	playerNDeck		Virus		Red				3	4			SPEND: Discard a card to reduce a NetNavi's defense to 0.	(Viruses are not unique. Whenever you play a virus, you may play another copy of that virus from your deck, then shuffle your deck.)	3C13
Grave_3c14CarbCraving.jpg	Carb Craving	mmtcg/grave/Mmtcg-Grave-CarbCraving.jpg	default	Resource	Grave	Grave	playerNDeck				Yellow				5	3			SPEND: Discard 2 cards to power up three times.		3C14
Grave_3c15DN.jpg	Doubting Navi	mmtcg/grave/Mmtcg-Grave-DoubtingNavi.jpg	default	Resource	Grave	Grave	playerNDeck				Yellow				2				SPEND: Discard a card to burn an opponent's power.		3C15
Grave_3c16eliminate.jpg	Eliminate	mmtcg/grave/Mmtcg-Grave-Eliminate.jpg	default	Resource	Grave	Grave	playerNDeck				Blue				2	3			SPEND: Return this resource or a resource in play to its owner's hand.		3C16
Grave_3c17EE.jpg	Envious Evil	mmtcg/grave/Mmtcg-Grave-EnviousEvil.jpg	default	Resource	Grave	Grave	playerNDeck				Red				5				SPEND: Lose 1 energy.		3C17
Grave_3c18firmbarrier.jpg	Firm Barrier	mmtcg/grave/Mmtcg-Grave-FirmBarrier.jpg	default	Resource	Grave	Grave	playerNDeck				Red				2				SPEND: Discard a card to make your NetNavi defense +2.		3C18
Grave_3c19GD.jpg	Gender Differences	mmtcg/grave/Mmtcg-Grave-GenderDifferences.jpg	default	Resource	Grave	Grave	playerNDeck				Green				1	3			SPEND: Lose 2 energy to take a card from your discard pile into hand.		3C19
Grave_3c2shadowman.jpg	ShadowMan	mmtcg/grave/Mmtcg-Grave-ShadowMan.jpg	default	NetNavi	Grave	Grave	playerNNetNavi	Dark Ninja		ShadowMan		1	2	2					Whenever you blast, you may return up to 2 resources to their owners' hands.		3C2
Grave_3c20GIA.jpg	Giving It Away	mmtcg/grave/Mmtcg-Grave-GivingItAway.jpg	default	Resource	Grave	Grave	playerNDeck				Green				4				SPEND: Discard 2 cards to recharge 3 energy.		3C20
Grave_3c21interconnected.jpg	Interconnected	mmtcg/grave/Mmtcg-Grave-Interconnected.jpg	default	Resource	Grave	Grave	playerNDeck			Bass	Yellow				3	3		1x Bass	SPEND: Discard a card to blast. This does not count against your blast limit.		3C21
Grave_3c22JaN.jpg	Just a Nuisance	mmtcg/grave/Mmtcg-Grave-JustANuisance.jpg	default	Resource	Grave	Grave	playerNDeck				Blue				3				SPEND: Discard a card and note its color. Cancel a blast destiny of that color.		3C22
Grave_3c23lark.jpg	Lark	mmtcg/grave/Mmtcg-Grave-Lark.jpg	default	Resource	Grave	Grave	playerNDeck		Virus		Blue				0	3			SPEND: Burn a power to make your opponent discard a card.	(Viruses are not unique. Whenever you play a virus, you may play another copy of that virus from your deck, then shuffle your deck.)	3C23
Grave_3c24magtect.jpg	MagTect	mmtcg/grave/Mmtcg-Grave-MagTect.jpg	default	Resource	Grave	Grave	playerNDeck		Virus		Yellow				3	4			SPEND: Lose 3 energy to place a card from your discard pile in your power gauge.	(Viruses are not unique. Whenever you play a virus, you may play another copy of that virus from your deck, then shuffle your deck.)	3C24
Grave_3c25NMP.jpg	No More Practice	mmtcg/grave/Mmtcg-Grave-NoMorePractice.jpg	default	Resource	Grave	Grave	playerNDeck				Yellow				3	2			SPEND: Discard a yellow card to blast an additional time.		3C25
Grave_3c26OtT.jpg	One to Talk	mmtcg/grave/Mmtcg-Grave-OneToTalk.jpg	default	Resource	Grave	Grave	playerNDeck				Red				3	3			SPEND: Place a card from your discard pile on top of your deck.		3C26
Grave_3c27Requital.jpg	Requital	mmtcg/grave/Mmtcg-Grave-Requital.jpg	default	Resource	Grave	Grave	playerNDeck			SharkMan	Blue				1	3		1x SharkMan	SPEND: If you played a BattleChip this turn, place 2 cards from hand in your power gauge.		3C27
Grave_3c28shadowboss.jpg	Shadow Boss	mmtcg/grave/Mmtcg-Grave-ShadowBoss.jpg	default	Resource	Grave	Grave	playerNDeck			ShadowMan	Red				1			1x ShadowMan	SPEND: Discard a card to make your opponent lose 1 energy for each card in his or her hand over 2.		3C28
Grave_3c29spidy.jpg	Spidy	mmtcg/grave/Mmtcg-Grave-Spidy.jpg	default	Resource	Grave	Grave	playerNDeck		Virus		Green				2	4			SPEND: Make your opponent draw a card.	(Viruses are not unique. Whenever you play a virus, you may play another copy of that virus from your deck, then shuffle your deck.)	3C29
Grave_3c3skullman.jpg	SkullMan	mmtcg/grave/Mmtcg-Grave-SkullMan.jpg	default	NetNavi	Grave	Grave	playerNNetNavi	Skeletal Agent		SkullMan		2	1	2					Whenever you blast, you may place your resource in play in your power gauge.		3C3
Grave_3c30SiP.jpg	Stuck in Place	mmtcg/grave/Mmtcg-Grave-StuckInPlace.jpg	default	Resource	Grave	Grave	playerNDeck			MagnetMan	Yellow				1			1x MagnetMan	SPEND: Discard a card to power up once for each resource you have in play.		3C30
Grave_3c31surprisetransfer.jpg	Surprise Transfer	mmtcg/grave/Mmtcg-Grave-SurpriseTransfer.jpg	default	Resource	Grave	Grave	playerNDeck				Blue				4	2			SPEND: Lose 2 energy to place a card from hand in your power gauge.		3C31
Grave_3c32SweetIndignation.jpg	Sweet Indignation	mmtcg/grave/Mmtcg-Grave-SweetIndignation.jpg	default	Resource	Grave	Grave	playerNDeck				Green				3	4			SPEND: Burn a power to take a card from your deck into hand. Shuffle your deck.		3C32
Grave_3c33watchout.jpg	Watch Out	mmtcg/grave/Mmtcg-Grave-WatchOut.jpg	default	Resource	Grave	Grave	playerNDeck			SkullMan	Yellow				0			1x SkullMan	SPEND: Power up.		3C33
Grave_3c4Woodman.jpg	WoodMan	mmtcg/grave/Mmtcg-Grave-WoodMan.jpg	default	NetNavi	Grave	Grave	playerNNetNavi	Natural Leader		WoodMan		3	3	0							3C4
Grave_3c5Recov10.JPG	Recovery10	mmtcg/grave/Mmtcg-Grave-Recovery10.jpg	default	BattleChip	Grave	Grave	playerNDeck								4				Make your opponent take 2 random card from his or her discard pile into hand to make your NetNavi defense +2.		3C5
Grave_3c6Vulcan3.JPG	Vulcan3	mmtcg/grave/Mmtcg-Grave-Vulcan3.jpg	default	BattleChip	Grave	Grave	playerNDeck								2	4			Make your NetNavi strength +4.		3C6
Grave_3c7WW2.jpg	WhiteWeb2	mmtcg/grave/Mmtcg-Grave-WhiteWeb2.jpg	default	BattleChip	Grave	Grave	playerNDeck								5		1x Green		Opponent cannot draw cards.		3C7
Grave_3c8fortified.jpg	Fortified	mmtcg/grave/Mmtcg-Grave-Fortified.jpg	default	Event	Grave	Grave	playerNDeck				Green				2		1x Green		Recharge 2 energy.		3C8
Grave_3c9LYMI.jpg	Like You Mean It	mmtcg/grave/Mmtcg-Grave-LikeYouMeanIt.jpg	default	Event	Grave	Grave	playerNDeck				Blue				2		1x Blue		Opponent discards a card.		3C9
Promo_3p1mmx.jpg	MegaMan X	mmtcg/promo/Mmtcg-Promo-MegaManX.jpg	default	NetNavi	Promo	Promo	playerNNetNavi	Invincible		MegaMan X		3	1	2							3P1
Promo_3p1MMXP.jpg	MegaMan X	mmtcg/promo/Mmtcg-Promo-MegaManX-2.jpg	default	NetNavi	Promo	Promo	playerNNetNavi	Invincible		MegaMan X		3	1	2					Free Mega Man X Command Mission passcodes at megamantcg.com		3P1
Promo_3P2.jpg	AquaCustom Activate!	mmtcg/promo/Mmtcg-Promo-AquaCustomActivate.jpg	default	Event	Promo	Promo	playerNDeck		Style Change		Blue				3		4x Blue		Spend 4 blue resources for no effect to reveal your opponent's hand. Add the number of resources revealed to your NetNavi's strength and defense for the rest of the game.		3P2
Promo_3P4.png	WoodShield Activate!	mmtcg/promo/Mmtcg-Promo-WoodShieldActivate.png	default	Event	Promo	Promo	playerNDeck		Style Change		Green				1		4x Green		Place all of your resources, cards in hand, and cards in your power gauge on the bottom of your deck. Recharge 2 energy for each card placed there.		3P4
Promo_3P5.jpg	HeatGuts Activate!	mmtcg/promo/Mmtcg-Promo-HeatGutsActivate.jpg	default	Event	Promo	Promo	playerNDeck		Style Change		Red				5		2x Red		Look at the cards in your power gauge. You may play each of them this main phase, even if it is a resource. Burn all of your remaining power at the end of turn.		3P5
Grave_3r62BTL.jpg	Beginning to Learn	mmtcg/grave/Mmtcg-Grave-BeginningToLearn.jpg	default	Event	Grave	Grave	playerNDeck				Yellow				5		3x Yellow		For each card your opponent drew this turn, he or she spends a resource for no effect.		3R62
Grave_3r63bowdown.jpg	Bow Down	mmtcg/grave/Mmtcg-Grave-BowDown.jpg	default	Event	Grave	Grave	playerNDeck			ShadowMan	Red				4			2x ShadowMan	Name a destiny and reveal your opponent's hand. For each revealed card with that destiny, your opponent loses 2 energy.		3R63
Grave_3r64cuttingedge.jpg	Cutting Edge	mmtcg/grave/Mmtcg-Grave-CuttingEdge.jpg	default	Event	Grave	Grave	playerNDeck				Red				5		2x Red		Opponent loses an energy for each card fewer than 5 in his or her hand.		3R64
Grave_3r65EerieBlast.jpg	Eerie Blast	mmtcg/grave/Mmtcg-Grave-EerieBlast.jpg	default	Event	Grave	Grave	playerNDeck			SkullMan	Yellow				5			2x SkullMan	Reveal the cards in your power gauge. If their total destiny is greater than 15, opponent places his or her hand in his or her power gauge.		3R65
Grave_3r66Modestdefense.jpg	Modest Defense	mmtcg/grave/Mmtcg-Grave-ModestDefense.jpg	default	Event	Grave	Grave	playerNDeck				Blue				4		1x Blue		Opponent reveals his or her hand. Place a revealed BattleChip in your opponent's discard pile.		3R66
Grave_3r67oppatr.jpg	Opposites Attract	mmtcg/grave/Mmtcg-Grave-OppositesAttract.jpg	default	Event	Grave	Grave	playerNDeck			MagnetMan	Green				3			3x MagnetMan	Whenever you lose energy during battle, take the lost cards into hand.		3R67
Grave_3r68OutofWater.jpg	Out of Water	mmtcg/grave/Mmtcg-Grave-OutOfWater.jpg	default	Event	Grave	Grave	playerNDeck			SharkMan	Blue				4	2		1x SharkMan	Play any number of resources.		3R68
Grave_3r69Payaprice.jpg	Pay a Price	mmtcg/grave/Mmtcg-Grave-PayAPrice.jpg	default	Event	Grave	Grave	playerNDeck				Blue				4		2x Blue		Opponent discards a card for each resource he or she spent this turn.		3R69
Grave_3r70unlikely.jpg	Unlikely Source	mmtcg/grave/Mmtcg-Grave-UnlikelySource.jpg	default	Event	Grave	Grave	playerNDeck				Yellow				3		1x Yellow		Discard a BattleChip to make your opponent blast, if possible. Place this card in your power gauge.		3R70
Grave_3r71Yourapologies.jpg	Your Apologies	mmtcg/grave/Mmtcg-Grave-YourApologies.jpg	default	Event	Grave	Grave	playerNDeck				Green				4		2x Green		Opponent draws 2 cards for each point of energy he or she has lost this turn.		3R71
Grave_3r72atfault.jpg	At Fault	mmtcg/grave/Mmtcg-Grave-AtFault.jpg	default	Resource	Grave	Grave	playerNDeck			Bass	Yellow				2		1x Yellow		SPEND: Search your opponent's deck and place a card there in his or her discard pile.		3R72
Grave_3r73flawless.jpg	Flawless	mmtcg/grave/Mmtcg-Grave-Flawless.jpg	default	Resource	Grave	Grave	playerNDeck			Bass	Red				1			1x Bass	SPEND: Place a card from your discard pile on top of your deck.		3R73
Grave_3r74Gutsmanally.jpg	GutsMan	mmtcg/grave/Mmtcg-Grave-GutsMan.jpg	default	Resource	Grave	Grave	playerNDeck	Full Out Battler	Ally		Red				1	4			SPEND: Make your blast destiny +4.		3R74
Grave_3r75Sharkmanally.jpg	SharkMan	mmtcg/grave/Mmtcg-Grave-SharkMan.jpg	default	Resource	Grave	Grave	playerNDeck	Fishy Agent	Ally		Blue				1	4			SPEND: Cancel a BattleChip.		3R75
Grave_3r76Skullmanally.jpg	SkullMan	mmtcg/grave/Mmtcg-Grave-SkullMan-2.jpg	default	Resource	Grave	Grave	playerNDeck	Friendly Ghoul	Ally		Yellow				1	4			SPEND: Place a resource in play in its owner's power gauge.		3R76
Grave_3r77SurSha.jpg	Surprisingly Sharp	mmtcg/grave/Mmtcg-Grave-SurprisinglySharp.jpg	default	Resource	Grave	Grave	playerNDeck			SharkMan	Green				1			1x SharkMan	SPEND: If you played a BattleChip this turn, draw 2 cards.		3R77
Grave_3r78ViperousVines.jpg	Viperous Vines	mmtcg/grave/Mmtcg-Grave-ViperousVines.jpg	default	Resource	Grave	Grave	playerNDeck			WoodMan	Green				1			1x WoodMan	SPEND: Lose 2 energy to take a card from your discard pileinto hand.		3R78
Grave_3r79Woodmanally.jpg	WoodMan	mmtcg/grave/Mmtcg-Grave-WoodMan-2.jpg	default	Resource	Grave	Grave	playerNDeck	Outdoorsy	Ally		Green				1	4			SPEND: Take a card from your discard pile into hand.		3R79
Grave_3sr84AquaCustom.jpg	AquaCustom	mmtcg/grave/Mmtcg-Grave-AquaCustom.jpg	default	Resource	Grave	Grave	playerNDeck		Style Change		Blue				2	2	2x Blue		Whenever a player spends a Blue resource, you may make your opponent discard a card.		3SR84
Grave_3sr85Electeam.jpg	ElecTeam	mmtcg/grave/Mmtcg-Grave-ElecTeam.jpg	default	Resource	Grave	Grave	playerNDeck		Style Change		Yellow				4		1x Yellow		During each of your draw phases, if the only resources in play are yellow, you may power up an additional time.		3SR85
Grave_3sr86GVB.jpg	Grave VirusBeast	mmtcg/grave/Mmtcg-Grave-GraveVirusBeast.jpg	default	Resource	Grave	Grave	playerNDeck			Bass	Yellow				4	4		1x Bass	Whenever you play another Bass card, you may burn an opponent's power.		3SR86
Grave_3sr87heatguts.jpg	HeatGuts	mmtcg/grave/Mmtcg-Grave-HeatGuts.jpg	default	Resource	Grave	Grave	playerNDeck		Style Change		Red				0		1x Red		For each other red resource in play, your NetNavi's blast destinies are each +1.		3SR87
Grave_3sr88Kidgrave.jpg	Kid Grave	mmtcg/grave/Mmtcg-Grave-KidGrave.jpg	default	Resource	Grave	Grave	playerNDeck	Just a Puppet		ShadowMan	Red				4	4		1x ShadowMan	Whenever you play another ShadowMan card, you may make your opponent lose 1 energy for each resource he or she has in play.		3SR88
Grave_3sr89Maysa.jpg	Maysa	mmtcg/grave/Mmtcg-Grave-Maysa.jpg	default	Resource	Grave	Grave	playerNDeck	Commander Beef	NetOp	SharkMan	Blue				2	3		1x SharkMan	Whenever you play another SharkMan card, you may take a card from your power gauge into hand.		3SR89
Grave_3sr90miyu.jpg	Miyu	mmtcg/grave/Mmtcg-Grave-Miyu.jpg	default	Resource	Grave	Grave	playerNDeck	Misteriyu	NetOp	SkullMan	Yellow				0	3		1x SkullMan	Whenever you play another SkullMan card, you may place a resource from your discard pile in your power gauge.		3SR90
Grave_3sr91mrGauss.jpg	Mr. Gauss	mmtcg/grave/Mmtcg-Grave-MrGauss.jpg	default	Resource	Grave	Grave	playerNDeck	Devious Investor	NetOp	MagnetMan	Yellow				2	3		1x MagnetMan	Whenever you play another MagnetMan card, you may power up.		3SR91
Grave_3sr92Sal.jpg	Sal	mmtcg/grave/Mmtcg-Grave-Sal.jpg	default	Resource	Grave	Grave	playerNDeck	Black Rose	NetOp	WoodMan	Green				1	4		1x WoodMan	Whenever you play another WoodMan card, you may take a BattleChip from your discard pile into hand.		3SR92
Grave_3sr93Woodshield.jpg	WoodShield	mmtcg/grave/Mmtcg-Grave-WoodShield.jpg	default	Resource	Grave	Grave	playerNDeck		Style Change		Green				2		1x Green		The first time each turn you draw a card, reveal it. If that card is Green, draw another card.		3SR93
Grave_3st80Bass.jpg	Bass	mmtcg/grave/Mmtcg-Grave-Bass.jpg	default	NetNavi	Grave	Grave	playerNNetNavi	Ultimate Reborn		Bass		3	1	2							3St80
Grave_3st81Sharkman.jpg	SharkMan	mmtcg/grave/Mmtcg-Grave-SharkMan-2.jpg	default	NetNavi	Grave	Grave	playerNNetNavi	Aquatic Enforcer		SharkMan		2	2	2							3St81
Grave_3st82DeletionInevitable.jpg	Deletion Inevitable	mmtcg/grave/Mmtcg-Grave-DeletionInevitable.jpg	default	Event	Grave	Grave	playerNDeck				Red				4		1x Red		Discard a BattleChip to make your opponent lose 4 energy.		3St82
Grave_3st83NoAlternatives.jpg	No Alternatives	mmtcg/grave/Mmtcg-Grave-NoAlternatives.jpg	default	Event	Grave	Grave	playerNDeck				Green				4		1x Green		Discard a BattleChip to replace each card in your opponent's power gauge with a card from his or her discard pile. Place the replaced cards in your opponent's discard pile.		3St83
Grave_3u34air3.jpg	AirHockey3	mmtcg/grave/Mmtcg-Grave-AirHockey3.jpg	default	BattleChip	Grave	Grave	playerNDeck								3	5	1x Blue, 1x Green		Make your NetNavi strength +2 for each card you have in hand more than your opponent has in hand.		3U34
Grave_3u36BH3.jpg	BigHammer3	mmtcg/grave/Mmtcg-Grave-BigHammer3.jpg	default	BattleChip	Grave	Grave	playerNDeck								5	3	2x Red		Whenever you blast, you may add 4 to your blast destiny		3U36
Grave_3u37bugbomb.jpg	BugBomb	mmtcg/grave/Mmtcg-Grave-BugBomb.jpg	default	BattleChip	Grave	Grave	playerNDeck								6		2x Blue		Opponent cannot play events or BattleChips. Place this card in your power gauge.		3U37
Grave_3u39CG1.jpg	CircleGun1	mmtcg/grave/Mmtcg-Grave-CircleGun1.jpg	default	BattleChip	Grave	Grave	playerNDeck								4		2x Red		Make your NetNavi strength +1 for each card in your hand. Place this card on top of your deck.		3U39
Grave_3u41GDS2.jpg	GunDelSol2	mmtcg/grave/Mmtcg-Grave-GunDelSol2.jpg	default	BattleChip	Grave	Grave	playerNDeck								5	4	2x Red		Make your NetNavi defense +6.		3U41
Grave_3u43mine.jpg	Mine	mmtcg/grave/Mmtcg-Grave-Mine.jpg	default	BattleChip	Grave	Grave	playerNDeck								4	2			Make your NetNavi strength +2 for each virus your opponent has in play.		3U43
Grave_3u45Sanctuary.jpg	Sanctuary	mmtcg/grave/Mmtcg-Grave-Sanctuary.jpg	default	BattleChip	Grave	Grave	playerNDeck								3	4	2x Green		Whenever you burn an opponent's power, you may recharge 4 energy.		3U45
Grave_3u47Evolution.jpg	Evolution	mmtcg/grave/Mmtcg-Grave-Evolution.jpg	default	Event	Grave	Grave	playerNDeck				Blue				3		1x Blue		If you have exactly 2 cards in hand, place both of them in your power gauge.		3U47
Grave_3u48FrozenOut.jpg	Frozen Out	mmtcg/grave/Mmtcg-Grave-FrozenOut.jpg	default	Event	Grave	Grave	playerNDeck				Green				5		1x Green		If you have exactly 3 cards in hand, lose an energy to take a card from your discard pile into hand.		3U48
Grave_3u49GS.jpg	Guarding Solo	mmtcg/grave/Mmtcg-Grave-GuardingSolo.jpg	default	Event	Grave	Grave	playerNDeck				Red				3		1x Red		If you have no cards in hand, make your NetNavi defense +3.		3U49
Grave_3u50QC.jpg	Quite Confident	mmtcg/grave/Mmtcg-Grave-QuiteConfident.jpg	default	Event	Grave	Grave	playerNDeck				Yellow				3		1x Yellow		If you have exactly 1 card in hand, power up twice.		3U50
Grave_3u51ConnectionInterrupted.jpg	Connection Interrupted	mmtcg/grave/Mmtcg-Grave-ConnectionInterrupted.jpg	default	Resource	Grave	Grave	playerNDeck				Blue				2	3			SPEND: Burn a power and name a color. For each resource your opponent has in play of that color, he or she discards a card.		3U51
Grave_3u52FE.jpg	Food Education	mmtcg/grave/Mmtcg-Grave-FoodEducation.jpg	default	Resource	Grave	Grave	playerNDeck				Green				0	3			SPEND: Lose 3 energy to draw 3 cards.		3U52
Grave_3u53GotF.jpg	Guardian of the Forest	mmtcg/grave/Mmtcg-Grave-GuardianOfTheForest.jpg	default	Resource	Grave	Grave	playerNDeck				Green				3	4			SPEND: Burn a power and name a color. Recharge 2 energy for each resource of that color your opponent has in play.		3U53
Grave_3u54HiddenForce.jpg	Hidden Force	mmtcg/grave/Mmtcg-Grave-HiddenForce.jpg	default	Resource	Grave	Grave	playerNDeck				Yellow				2	3			SPEND: Burn a power and name a color. Destroy all but one of your opponent's resources of that color.		3U54
Grave_3u55megamod.jpg	MegaModification	mmtcg/grave/Mmtcg-Grave-MegaModification.jpg	default	Resource	Grave	Grave	playerNDeck				Yellow				2	3			SPEND: Discard a yellow card to place 2 cards from your discard pile in your power gauge.		3U55
Grave_3u56MoD.jpg	Mission of Defeat	mmtcg/grave/Mmtcg-Grave-MissionOfDefeat.jpg	default	Resource	Grave	Grave	playerNDeck			ShadowMan	Blue				2	2		1x ShadowMan	SPEND: Whenever you spend another resource this turn, you may place it in your power gauge.		3U56
Grave_3u57mystical.jpg	Mystical	mmtcg/grave/Mmtcg-Grave-Mystical.jpg	default	Resource	Grave	Grave	playerNDeck			SkullMan	Blue				5	4		1x SkullMan	SPEND: Opponent cannot play events and BattleChips until end of next turn.		3U57
Grave_3u58PYI.jpg	Pulls You In	mmtcg/grave/Mmtcg-Grave-PullsYouIn.jpg	default	Resource	Grave	Grave	playerNDeck			MagnetMan	Green				1	3		1x MagnetMan	SPEND: Discard a card to recharge 4 energy.		3U58
Grave_3u59Settowin.jpg	Set to Win	mmtcg/grave/Mmtcg-Grave-SetToWin.jpg	default	Resource	Grave	Grave	playerNDeck				Red				0	4			SPEND: If you played a BattleChip this turn, add 5 to your blast destiny.		3U59
Grave_3u60TimberTerror.jpg	Timber Terror	mmtcg/grave/Mmtcg-Grave-TimberTerror.jpg	default	Resource	Grave	Grave	playerNDeck			WoodMan	Green				1			1x WoodMan	SPEND: Make your hand size +2 until end of your next turn.		3U60
Grave_3u61UP.jpg	Usual Policy	mmtcg/grave/Mmtcg-Grave-UsualPolicy.jpg	default	Resource	Grave	Grave	playerNDeck				Red				0	3			SPEND: Burn a power and name a color. Opponent loses 2 energy for each resource of that color he or she has in play.		3U61
Grave_3ur100FaH.jpg	Fish at Hand	mmtcg/grave/Mmtcg-Grave-FishAtHand.jpg	default	Resource	Grave	Grave	playerNDeck			SharkMan	Green				5	4		1x SharkMan	SPEND: Burn 3 power to recharge an energy for each resource in play and each card in your hand.		3UR100
Grave_3ur101HelpingOut.jpg	Helping Out	mmtcg/grave/Mmtcg-Grave-HelpingOut.jpg	default	Resource	Grave	Grave	playerNDeck			SkullMan	Blue				5	3		1x SkullMan	SPEND: Burn a power to cancel a BattleChip.		3UR101
Grave_3ur102IF.jpg	Immobilize Force	mmtcg/grave/Mmtcg-Grave-ImmobilizeForce.jpg	default	Resource	Grave	Grave	playerNDeck			ShadowMan	Blue				5	4		1x ShadowMan	SPEND: Discard a card to make your opponent take all cards in his or her power gauge into hand.		3UR102
Grave_3ur103MSC.jpg	Memory Scan Complete	mmtcg/grave/Mmtcg-Grave-MemoryScanComplete.jpg	default	Resource	Grave	Grave	playerNDeck			Bass	Red				4	4		1x Bass	SPEND: Lose an energy and addits destiny to each of yourblast destinies.		3UR103
Grave_3ur94AU3.jpg	AquaUpper3	mmtcg/grave/Mmtcg-Grave-AquaUpper3.jpg	default	BattleChip	Grave	Grave	playerNDeck								5	4	2x Blue		Burn 4 power. Each time a player spends a resource, you may make your NetNavi strength +4.		3UR94
Grave_3ur95elecshock.jpg	ElecShock	mmtcg/grave/Mmtcg-Grave-ElecShock.jpg	default	BattleChip	Grave	Grave	playerNDeck								3	5	2x Yellow		Burn 5 power and note the total of the destinies of all resources in play. Add that amount to your NetNavi's strength.		3UR95
Grave_3ur96meteors.jpg	Meteors1	mmtcg/grave/Mmtcg-Grave-Meteors1.jpg	default	BattleChip	Grave	Grave	playerNDeck								2		2x Red		You may play up to 2 additional BattleChips. At the end of turn, if in your discard pile, return each to hand.		3UR96
Grave_3ur97RA3.jpg	RollArrow3	mmtcg/grave/Mmtcg-Grave-RollArrow3.jpg	default	BattleChip	Grave	Grave	playerNDeck								5	4	2x Green		Burn 2 power to reveal 3 random cards from your opponent's hand. Add the total of their destinies to your NetNavi's strength.		3UR97
Grave_3ur98BranchedOut.jpg	Branched Out	mmtcg/grave/Mmtcg-Grave-BranchedOut.jpg	default	Resource	Grave	Grave	playerNDeck			WoodMan	Red				1	4		2x WoodMan	SPEND: Discard any number of cards. For each card discarded, make your WoodMan strength +2 and your opponent lose 1 energy.		3UR98
Grave_3ur99DTI.jpg	Drawn to It	mmtcg/grave/Mmtcg-Grave-DrawnToIt.jpg	default	Resource	Grave	Grave	playerNDeck			MagnetMan	Yellow				4			1x MagnetMan	SPEND: Discard 2 cards to place 2 cards from your discard pile in your power gauge.		3UR99
Grave_4u35bamboolance.jpg	BambooLance	mmtcg/grave/Mmtcg-Grave-BambooLance.jpg	default	BattleChip	Grave	Grave	playerNDeck			WoodMan					1		1x Green	2x WoodMan	Return any number of cards in your power gauge to hand. Make your WoodMan strength +1 for each card in your hand.		4U35
Grave_4u38bugcharge.jpg	BugCharge	mmtcg/grave/Mmtcg-Grave-BugCharge.jpg	default	BattleChip	Grave	Grave	playerNDeck			Bass					5	3	1x Red	2x Bass	Discard a card to make your Bass defense +2 for each card in your power gauge.		4U38
Grave_4u40geyser.jpg	Geyser	mmtcg/grave/Mmtcg-Grave-Geyser.jpg	default	BattleChip	Grave	Grave	playerNDeck			SharkMan					5	3	1x Blue	2x SharkMan	Return any number of your resources in play to hand. Make your SharkMan strength +3 for each resource returned.		4U40
Grave_4u42MB3.jpg	MagBolt3	mmtcg/grave/Mmtcg-Grave-MagBolt3.jpg	default	BattleChip	Grave	Grave	playerNDeck			MagnetMan					5	4	1x Yellow	2x MagnetMan	Opponent may spend any number of resources for no effect. Then make your MagnetMan strength +3 for resource he or she has in play.		4U42
Grave_4u44muramasa.jpg	Muramasa	mmtcg/grave/Mmtcg-Grave-Muramasa.jpg	default	BattleChip	Grave	Grave	playerNDeck			ShadowMan					3	3	1x Blue	2x ShadowMan	Opponent may discard any number of cards. Then make your ShadowMan strength +2 for each card in your opponent's hand.		4U44
Grave_4u46voodoo.jpg	VoodooDoll	mmtcg/grave/Mmtcg-Grave-VoodooDoll.jpg	default	BattleChip	Grave	Grave	playerNDeck			SkullMan					3	3	1x Yellow	2x SkullMan	Burn 3 power to make your Skull-Man strength +2 for each resource your opponent has in play and each card in his or her power gauge.		4U46
