databaseId	name	imageUrl	cardBack	type	attack	cost	faction	flavorText	force	hitPoints	mainText	quantity	resources	rewardText	targetValue	traits	unique	set
arquitens_command_cruiser	Arquitens Command Cruiser	star-wars-deckbuilding-game/mandalorian/StarWarsDeckbuildingGame-Mandalorian-ArquitensCommandCruiser.jpg	mandalorian	CapitalShip	1	5	Mandalorian	They tend to get mad when you hijack their ships. –The Mandalorian		5	While Arquitens Command Cruiser is in play, each of your Trooper units gains 1 [attack].	1	2				0	mandalorian
arvala_VII	Arvala VII	star-wars-deckbuilding-game/mandalorian/StarWarsDeckbuildingGame-Mandalorian-ArvalaVII.jpg	mandalorian	Base			Mandalorian			16	When your turn begins, if the Force marker is on the neutral space, gain 1 [resource]. If it is not, move the Force marker 1 space toward neutral.	1					1	mandalorian
axe_woves	Axe Woves	star-wars-deckbuilding-game/mandalorian/StarWarsDeckbuildingGame-Mandalorian-AxeWoves.jpg	mandalorian	Unit	3	3	Mandalorian			3	Place Axe Woves on top of the galaxy deck to move the Force marker to the neutral space.	1		Gain 2 [force].	3	Trooper.	1	mandalorian
balutar_swoop_rider	Balutar Swoop Rider	star-wars-deckbuilding-game/mandalorian/StarWarsDeckbuildingGame-Mandalorian-BalutarSwoopRider.jpg	mandalorian	Unit		2	Mandalorian			2	When you purchase a card, move the [force] marker 1 space toward neutral.	1	2	Exile 1 card from your hand or discard pile.	2	Trooper.	0	mandalorian
bo-katan	Bo-Katan	star-wars-deckbuilding-game/mandalorian/StarWarsDeckbuildingGame-Mandalorian-BoKatan.jpg	mandalorian	Unit	6	8	Mandalorian			8	If the Force marker is on the neutral space, add a Mandalorian card in your discard pile to your hand.	1	2	Gain 4 [resource] and 4 [force].	8	Trooper.	1	mandalorian
captured_gozanti_cruiser	Captured Gozanti Cruiser	star-wars-deckbuilding-game/mandalorian/StarWarsDeckbuildingGame-Mandalorian-CapturedGozantiCruiser.jpg	mandalorian	CapitalShip		3	Mandalorian	“We are taking the ship for the battles ahead.” — Bo-Katan		3	If the Force marker is on the neutral space, draw 1 card.	1	2				0	mandalorian
child_of_the_watch	Child of the Watch	star-wars-deckbuilding-game/mandalorian/StarWarsDeckbuildingGame-Mandalorian-ChildOfTheWatch.jpg	mandalorian	Unit		0	Mandalorian	Those who follow the Way of the Mandalore are viewed by some as religious zealots.			When you play Child of the Watch, choose: They gain 1 [attack], 1 [resource], or 1 [force] this turn.	1					0	mandalorian
clan_kryze_commando	Clan Kryze Commando	star-wars-deckbuilding-game/mandalorian/StarWarsDeckbuildingGame-Mandalorian-ClanKryzeCommando.jpg	mandalorian	Unit	2	2	Mandalorian			2	If the Force marker is on the neutral space, deal 2 damage to your opponent's base.	1		Exile 1 card from your hand or discard pile.	2	Trooper.	0	mandalorian
concord_dawn	Concord Dawn	star-wars-deckbuilding-game/mandalorian/StarWarsDeckbuildingGame-Mandalorian-ConcordDawn.jpg	mandalorian	Base			Mandalorian			8	Start the game with this base in play.	1				Mandalorian Outpost.	1	mandalorian
concordia	Concordia	star-wars-deckbuilding-game/mandalorian/StarWarsDeckbuildingGame-Mandalorian-Concordia.jpg	mandalorian	Base			Mandalorian			12	When you reveal Concordia, exile up to 3 cards from your hand or discard pile.	1					1	mandalorian
cw_g1	AAT	star-wars-deckbuilding-game/clone-wars/StarWarsDeckbuildingGame-CloneWars-AAT.png	card	Unit	5	5	Separatist	Armored Assault Tanks wield 6 missile tubes and a heavy laser cannon to cause untold devastation.		5	Exile a Separatist card from the galaxy row. If you do, gain 2 [resource].	1		Exile up to 2 cards from your hand or discard pile.	5	Vehicle.	0	clone_wars
cw_g10	MTT	star-wars-deckbuilding-game/clone-wars/StarWarsDeckbuildingGame-CloneWars-MTT.png	card	Unit	1	4	Separatist	Multi-Troop Transports can carry a company of 112 battle droids into the thick of combat.		4	Place the next Droid you purchase this turn on top of your deck.	2	3	Gain 4 [resource].	4	Vehicle.	0	clone_wars
cw_g11	Stap	star-wars-deckbuilding-game/clone-wars/StarWarsDeckbuildingGame-CloneWars-Stap.png	card	Unit		2	Separatist			2	If there are more enemy cards than Separatist cards in the galaxy row, gain 1 [force].	2	2	Exile 1 card from your hand or discard pile.	2	Droid.	0	clone_wars
cw_g12	Tri-Fighter	star-wars-deckbuilding-game/clone-wars/StarWarsDeckbuildingGame-CloneWars-TriFighter.png	card	Unit	3	3	Separatist			3	Exile a Separatist card from the galaxy row. If you do, you may deal 3 damage to a capital ship your opponent has in play.	2		Gain 3 [resource].	3	Droid. Fighter.	0	clone_wars
cw_g13	B2 Battle Droid	star-wars-deckbuilding-game/clone-wars/StarWarsDeckbuildingGame-CloneWars-B2BattleDroid.png	card	Unit	2	1	Separatist	Better armed and armored, the super battle droid outperforms its standard counterpart in most ways.		1	Exile a Separatist card from the galaxy row. If you do, draw 1 card.	3		Gain 1 [resource].	1	Droid. Trooper.	0	clone_wars
cw_g14	Vulture Droid	star-wars-deckbuilding-game/clone-wars/StarWarsDeckbuildingGame-CloneWars-VultureDroid.png	card	Unit	2	2	Separatist			2	When you purchase this unit, add it to your hand. After this unit attacks, you must exile this card.	3		Exile 1 card from your hand or discard pile.	2	Droid. Fighter.	0	clone_wars
cw_g15	Aayla Secura	star-wars-deckbuilding-game/clone-wars/StarWarsDeckbuildingGame-CloneWars-AaylaSecura.png	card	Unit	2	3	Republic		1	3	While Aayla Secura is in play and the Force is with you, each of your Trooper units gains 1 [attack].	1		Gain 2 [force].	3	Jedi.	1	clone_wars
cw_g16	Ahsoka Tano	star-wars-deckbuilding-game/clone-wars/StarWarsDeckbuildingGame-CloneWars-AhsokaTano.png	card	Unit	3	4	Republic		1	4	Reveal the top card of your deck. If the Force is with you, you may swap it with a card from your discard pile.	1		Gain 3 [force].	4	Jedi.	1	clone_wars
cw_g17	Anakin Skywalker	star-wars-deckbuilding-game/clone-wars/StarWarsDeckbuildingGame-CloneWars-AnakinSkywalker.png	card	Unit	4	5	Republic	Some believe Anakin to be the prophesied Chosen One who will bring balance to the Force.	1	5	While the Force is with you, Anakin Skywalker gains 3 [attack].	1		Gain 3 [resource] and 2 [force].	5	Jedi.	1	clone_wars
cw_g18	AT-TE	star-wars-deckbuilding-game/clone-wars/StarWarsDeckbuildingGame-CloneWars-ATTE.png	card	Unit	6	6	Republic	Although they transport troops, All Terrain Tactical Enforcers are powerful tanks in their own right.		6	Place another unit you have in play on top of your deck.	1		Purchase a card of your faction for free.	6	Vehicle.	0	clone_wars
cw_g19	Captain Rex	star-wars-deckbuilding-game/clone-wars/StarWarsDeckbuildingGame-CloneWars-CaptainRex.png	card	Unit		3	Republic			3	Captain Rex gains 1 [attack] for each unique (◆) unit in play and in the galaxy row.	1	2	Gain 2 [force].	3	Trooper.	1	clone_wars
cw_g2	Admiral Trench	star-wars-deckbuilding-game/clone-wars/StarWarsDeckbuildingGame-CloneWars-AdmiralTrench.png	card	Unit	3	5	Separatist			5	Draw 1 card (2 cards instead if you had a capital ship in play at the start of your turn).	1	2	Gain 3 [resource] and 2 [force].	5	Officer.	1	clone_wars
cw_g20	Clone Commander Cody	star-wars-deckbuilding-game/clone-wars/StarWarsDeckbuildingGame-CloneWars-CloneCommanderCody.png	card	Unit	2	4	Republic			4	Place a Trooper from your discard pile on top of your deck. If the Force is with you, add it to your hand instead.	1	2	Gain 3 [force].	4	Trooper.	1	clone_wars
cw_g21	Mace Windu	star-wars-deckbuilding-game/clone-wars/StarWarsDeckbuildingGame-CloneWars-MaceWindu.png	card	Unit	6	8	Republic		2	8	Reveal the top card of your deck. If the Force is with you, Mace Windu gains [attack] equal to the cost of that card (to a maximum of +5 [attack]).	1		Gain 4 [resource] and 4 [force].		Jedi.	1	clone_wars
cw_g22	Obi-Wan Kenobi	star-wars-deckbuilding-game/clone-wars/StarWarsDeckbuildingGame-CloneWars-ObiWanKenobi.png	card	Unit	4	6	Republic		2	6	When you reveal Obi-Wan Kenobi from the top of your deck, add him to your hand and reveal the next card instead.	1		Gain 3 [resource] and 3 [force].	9	Jedi.	1	clone_wars
cw_g23	Padmé Amidala	star-wars-deckbuilding-game/clone-wars/StarWarsDeckbuildingGame-CloneWars-PadmAmidala.png	card	Unit	3	5	Republic	The strong-willed and courageous former queen of Naboo always selflessly helps those in need.		5	Draw 1 card (2 cards instead if your base is Naboo).	1	2	Gain 3 [resource] and 2 [force].	5	Officer.	1	clone_wars
cw_g24	ARC-170	star-wars-deckbuilding-game/clone-wars/StarWarsDeckbuildingGame-CloneWars-ARC170.png	card	Unit	4	4	Republic			4	Reveal the top card of your deck. If it is a Fighter or a Trooper, this unit gains 2 [attack].	2		Exile up to 2 cards from your hand or discard pile.	4	Fighter.	0	clone_wars
cw_g25	AT-RT	star-wars-deckbuilding-game/clone-wars/StarWarsDeckbuildingGame-CloneWars-ATRT.png	card	Unit	2	2	Republic	All Terrain Reconnaissance Transports can run up to 60 km/h.		2	If you have another Trooper in play, repair 2 damage from your base.	2		Exile 1 card from your hand or discard pile.	2	Trooper.	0	clone_wars
cw_g26	Barc Trooper	star-wars-deckbuilding-game/clone-wars/StarWarsDeckbuildingGame-CloneWars-BarcTrooper.png	card	Unit		2	Republic	Biker Advanced Recon Commandos can quickly redeploy to where they are needed most.		2	While you have another Trooper in play, this unit gains 2 [attack].	2	2	Exile 1 card from your hand or discard pile.	2	Trooper.	0	clone_wars
cw_g27	Delta-7B	star-wars-deckbuilding-game/clone-wars/StarWarsDeckbuildingGame-CloneWars-Delta7B.png	card	Unit	3	3	Republic		1	3	Reveal the top card of your deck. If it is a Jedi, you may draw it. If it is not, you may discard it.	2		Gain 2 [force].	3	Jedi. Fighter.	0	clone_wars
cw_g28	LAAT Gunship	star-wars-deckbuilding-game/clone-wars/StarWarsDeckbuildingGame-CloneWars-LAATGunship.png	card	Unit		4	Republic	Clones and Jedi alike have come to respect the Low Altitude Assault Transport gunship.		4	Reveal the top card of your deck. If it is a Jedi or Trooper, you may draw it.	2	4	Gain 4 [resource].	4	Transport.	0	clone_wars
cw_g29	V-19 Torrent	star-wars-deckbuilding-game/clone-wars/StarWarsDeckbuildingGame-CloneWars-V19Torrent.png	card	Unit	2	1	Republic	The V-19 Torrent was an early-war design created to escort the less maneuverable LAAT gunship.		1	Reveal the top card of your deck. You may discard it.	2		Gain 1 [resource].	1	Fighter.	0	clone_wars
cw_g3	Asajj Ventress	star-wars-deckbuilding-game/clone-wars/StarWarsDeckbuildingGame-CloneWars-AsajjVentress.png	card	Unit	5	7	Separatist		2	7	Discard each neutral unit from the galaxy row (and 1 enemy unit if the [force] is with you).	1		Purchase a card of your faction for free.	7	Scoundrel.	1	clone_wars
cw_g30	Arc Trooper	star-wars-deckbuilding-game/clone-wars/StarWarsDeckbuildingGame-CloneWars-ArcTrooper.png	card	Unit	3	3	Republic			3	If you have a Jedi or another Trooper in play, deal 2 damage to your opponent's base.	3		Gain 3 [resource].		Trooper.	0	clone_wars
cw_g31	Aurra Sing	star-wars-deckbuilding-game/clone-wars/StarWarsDeckbuildingGame-CloneWars-AurraSing.png	card	Unit	1	2	Neutral	A Palliduvan ex-Jedi, Aurra Sing is an infamous markswoman, preferring to take assassination contracts where she can use her sniper rifle.	1		While there is a Bounty Hunter in the galaxy row, Aurra Sing gains 2 [attack].	1			1	Bounty Hunter.	1	clone_wars
cw_g32	Cad Bane	star-wars-deckbuilding-game/clone-wars/StarWarsDeckbuildingGame-CloneWars-CadBane.png	card	Unit	4	6	Neutral	With the right crew, the creatively cunning Cad Bane pulls off unthinkable tasks such as infiltrating the Jedi Temple and staging prison breaks.			If you have at least 3 neutral cards in play, choose: Destroy a capital ship your opponent has in play, or exile 1 card from your hand or discard pile.	1	2			Bounty Hunter.	1	clone_wars
cw_g33	Embo	star-wars-deckbuilding-game/clone-wars/StarWarsDeckbuildingGame-CloneWars-Embo.png	card	Unit	2	4	Neutral	Embo, a soft-spoken Kyuzo, is famous for fighting with his bowcaster and using his large hat as both a shield and a thrown weapon.			Embo gains 1 [attack] for each other neutral card you have in play (to a maximum of +6 [attack]).	1	2			Bounty Hunter.	1	clone_wars
cw_g34	Fett's Firespray	star-wars-deckbuilding-game/clone-wars/StarWarsDeckbuildingGame-CloneWars-FettsFirespray.png	card	Unit	4	7	Neutral	Jango Fett (and eventually Boba Fett) hunted and transported countless bounties in this iconic craft.			Add a neutral unit from your discard pile to your hand. If it is a Bounty Hunter, that unit gains 2 [attack] while attacking a target in the galaxy row this turn.	1	3			Transport.	1	clone_wars
cw_g35	Hondo Ohnaka	star-wars-deckbuilding-game/clone-wars/StarWarsDeckbuildingGame-CloneWars-HondoOhnaka.png	card	Unit	4	8	Neutral	As the leader of the Ohnaka Gang, the notorious Weequay pirate king Hondo Ohnaka attempts to leverage every interaction he has to find profits.			When you purchase a card with a cost of 4 or more, draw 1 card.	1	4		2	Scoundrel.	1	clone_wars
cw_g36	Jango Fett	star-wars-deckbuilding-game/clone-wars/StarWarsDeckbuildingGame-CloneWars-JangoFett.png	card	Unit	5	5	Neutral	Despite being the template for all clone troopers, Jango Fett still takes independent contracts without the Republic's consent.			When Jango Fett defeats a target in the galaxy row, draw 1 card.	1				Bounty Hunter.	1	clone_wars
cw_g37	Jar Jar Binks	star-wars-deckbuilding-game/clone-wars/StarWarsDeckbuildingGame-CloneWars-JarJarBinks.png	card	Unit		0	Neutral	Although initially an outcast from his society, Jar Jar stumbled his way into being a Bombad General and eventually a Nabooian Senator.			When you purchase or play Jar Jar Binks, you may spend 2 [resource] to gain 1 [force] and place him in your opponent's discard pile.	1				Outcast.	1	clone_wars
cw_g38	Latts Razzi	star-wars-deckbuilding-game/clone-wars/StarWarsDeckbuildingGame-CloneWars-LattsRazzi.png	card	Unit	3	3	Neutral	Often willing to team up with other bounty hunters for the biggest scores, this stylish Theelin specializes in using an unusual grappling boa during combat.			When Latts Razzi defeats a target in the galaxy row, gain 1 [resource] for each Bounty Hunter in play and in the galaxy row.	1				Bounty Hunter.	1	clone_wars
cw_g39	Zam Wesell	star-wars-deckbuilding-game/clone-wars/StarWarsDeckbuildingGame-CloneWars-ZamWesell.png	card	Unit		3	Neutral	A slippery Clawdite, Zam Wesell uses her natural abilities to adapt on the fly during missions, sometimes even disguising herself as her target.			When you play Zam Wesell, choose: She gains 2 [attack], 2 [resource], or 2 [force] this turn.	1				Bounty Hunter.	1	clone_wars
cw_g4	Count Dooku	star-wars-deckbuilding-game/clone-wars/StarWarsDeckbuildingGame-CloneWars-CountDooku.png	card	Unit	6	8	Separatist		2	8	If the Force is with you, swap a unit in the galaxy row with a non-starter card from your exile pile.	1		Gain 4 [resource] and 4 [force].	8	Sith.	1	clone_wars
cw_g40	Assassin Droid	star-wars-deckbuilding-game/clone-wars/StarWarsDeckbuildingGame-CloneWars-AssassinDroid.png	card	Unit	4	4	Neutral	Without the empathy shared by most organics, some assassin droids are built as merciless hunters.			This unit can attack a neutral unit in the galaxy row using that unit's cost as its target value. If you defeat that unit, gain [resource] equal to its cost. You can commit other units to this attack.	2				Bounty Hunter. Droid.	0	clone_wars
cw_g41	Gauntlet Starfighter	star-wars-deckbuilding-game/clone-wars/StarWarsDeckbuildingGame-CloneWars-GauntletStarfighter.png	card	Unit		4	Neutral	Although not as nimble as its smaller cousin the Fang Fighter, Mandalorians use the Kom'rk-class fighter as both a troop transport and a starfighter.			Exile this unit to purchase a card from the galaxy discard pile as if it were in the galaxy row and add that card to your hand.	2	4		4	Transport.	0	clone_wars
cw_g42	Hutt Fighter	star-wars-deckbuilding-game/clone-wars/StarWarsDeckbuildingGame-CloneWars-HuttFighter.png	card	Unit		3	Neutral	Always looking to make credits, the Hutts are not above exploiting the uncertain situations created by galaxy-spanning wars.			Spend 2 [resource] to have this unit gain 2 [force].	2	3			Fighter.	0	clone_wars
cw_g43	Protocol Droid	star-wars-deckbuilding-game/clone-wars/StarWarsDeckbuildingGame-CloneWars-ProtocolDroid.png	card	Unit		1	Neutral	Coming in all shapes and sizes, each chassis is designed to perfectly suit the needs of the client.			Exile this card to discard cards from the top of the galaxy deck until you discard a card of your faction. Swap that card with a neutral unit in the galaxy row.	2	2			Droid.	0	clone_wars
cw_g44	Super Commando	star-wars-deckbuilding-game/clone-wars/StarWarsDeckbuildingGame-CloneWars-SuperCommando.png	card	Unit	3	3	Neutral	These Mandalorians are loyal to Maul following his possession of the dark saber and his subsequent victory over Pre Vizsla in traditional single combat.			When you purchase this unit, add him to your hand (and you may exile 1 card from your hand or discard pile if the Force is with you).	2				Trooper.	0	clone_wars
cw_g45	Underworld Contact	star-wars-deckbuilding-game/clone-wars/StarWarsDeckbuildingGame-CloneWars-UnderworldContact.png	card	Unit		2	Neutral	When it comes to getting ahead of your competition, sometimes it is not what you know, but who you know.	1		If the Force is with you, spend 2 fewer [resource] on the next neutral card you purchase.	2	1			Scoundrel.	0	clone_wars
cw_g46	Weequay Pirate	star-wars-deckbuilding-game/clone-wars/StarWarsDeckbuildingGame-CloneWars-WeequayPirate.png	card	Unit	2	1	Neutral	Originating from the desert planet Sriluur in Hutt space, many Weequay easily find work as mercenaries, pirates, or bodyguards.			If you have another neutral card in play, draw 1 card.	2				Trooper.	0	clone_wars
cw_g5	General Grievous	star-wars-deckbuilding-game/clone-wars/StarWarsDeckbuildingGame-CloneWars-GeneralGrievous.png	card	Unit	5	5	Separatist			5	When General Grievous defeats a target in the galaxy row, exile a Droid from your hand. If you do, receive that target's reward a second time.	1		Gain 3 [resource] and 2 [force].	1	Officer.	1	clone_wars
cw_g6	Nute Gunray	star-wars-deckbuilding-game/clone-wars/StarWarsDeckbuildingGame-CloneWars-NuteGunray.png	card	Unit		2	Separatist			2	The next time a card leaves the galaxy row this turn, replace it with a non-starter card from your exile pile.	1	2	Gain 1 [force].	2	Officer.	1	clone_wars
cw_g7	Wat Tambor	star-wars-deckbuilding-game/clone-wars/StarWarsDeckbuildingGame-CloneWars-WatTambor.png	card	Unit	2	3	Separatist		1	3	Discard 1 neutral card from the galaxy row. If the Force is with you, you may replace it with a Separatist card from the galaxy discard pile.	1		Gain 2 [force].	3	Officer.	1	clone_wars
cw_g8	Droideka	star-wars-deckbuilding-game/clone-wars/StarWarsDeckbuildingGame-CloneWars-Droideka.png	card	Unit	3	3	Separatist	Protected by personal deflector shields, Droidekas make for formidable opponents.		3	If you exiled at least 1 card this turn, this unit gains 2 [attack].	2		Gain 2 [force].	3	Droid.	0	clone_wars
cw_g9	Magnaguard	star-wars-deckbuilding-game/clone-wars/StarWarsDeckbuildingGame-CloneWars-Magnaguard.png	card	Unit	3	4	Separatist		1	4	While Magnaguard is in play, each of your unique (◆) units gains 1 [attack] (2 [attack] instead if the Force is with you).	2		Gain 3 [force].	4	Droid. Trooper.	0	clone_wars
cw_ncs1	Aurore-class Freighter	star-wars-deckbuilding-game/clone-wars/StarWarsDeckbuildingGame-CloneWars-AuroreClassFreighter.png	card	CapitalShip		3	Neutral	Often associated with Zygerrian slavers, the YV-865 Aurore-class is a general-purpose freighter seen throughout the galaxy.		3	When this card is defeated, each player may exile 1 card from their hand or discard pile.	2	2		2		0	clone_wars
cw_ncs2	Dreadnought-class Cruiser	star-wars-deckbuilding-game/clone-wars/StarWarsDeckbuildingGame-CloneWars-DreadnoughtClassCruiser.png	card	CapitalShip	2	5	Neutral	Despite its age, this centuries-old craft has been used time and time again as the basis for new ship designs.		5	While Dreadnought-class Cruiser is in play, each of your neutral units gains 1 [attack].	2					0	clone_wars
cw_ncs3	Space Yacht	star-wars-deckbuilding-game/clone-wars/StarWarsDeckbuildingGame-CloneWars-SpaceYacht.png	card	CapitalShip		4	Neutral	Often a source of pride and only available to the extravagantly wealthy, large privately-owned ships are sometimes mobilized to assist in the war effort, willingly or otherwise.		4		3	2				0	clone_wars
cw_orp1	Outer Rim Pilot	star-wars-deckbuilding-game/clone-wars/StarWarsDeckbuildingGame-CloneWars-OuterRimPilot.png	card	Unit		2	Neutral	Most of the best freighter pilots are to be found here. — Obi-Wan Kenobi			Exile this unit to gain 1 [resource].	10	2				0	clone_wars
cw_rb1	Rishi	star-wars-deckbuilding-game/clone-wars/StarWarsDeckbuildingGame-CloneWars-Rishi.png	rebelBase	Base			Republic			8	Start the game with this base in play.	1				Republic Outpost.	1	clone_wars
cw_rb10	Ryloth	star-wars-deckbuilding-game/clone-wars/StarWarsDeckbuildingGame-CloneWars-Ryloth.png	rebelBase	Base			Republic			16	When you reveal Ryloth, exile 1 enemy card from the galaxy row and place 1 card from your discard pile on top of your deck.	1					1	clone_wars
cw_rb2	Anaxes	star-wars-deckbuilding-game/clone-wars/StarWarsDeckbuildingGame-CloneWars-Anaxes.png	rebelBase	Base			Republic			10	When you reveal Anaxes, purchase a Republic or neutral card from the galaxy row for free and add it to your hand.	1					1	clone_wars
cw_rb3	Christophsis	star-wars-deckbuilding-game/clone-wars/StarWarsDeckbuildingGame-CloneWars-Christophsis.png	rebelBase	Base			Republic			14	When you reveal Christophsis, deal 4 damage to it. When you play a Transport, repair 1 damage from this base.	1					1	clone_wars
cw_rb4	Coruscant	star-wars-deckbuilding-game/clone-wars/StarWarsDeckbuildingGame-CloneWars-Coruscant.png	rebelBase	Base			Republic			16	When your turn begins, reveal the top card of your deck. You may discard that card.	1					1	clone_wars
cw_rb5	Ilum	star-wars-deckbuilding-game/clone-wars/StarWarsDeckbuildingGame-CloneWars-Ilum.png	rebelBase	Base			Republic			14	When you reveal Ilum, gain 4 [force].	1					1	clone_wars
cw_rb6	Kamino	star-wars-deckbuilding-game/clone-wars/StarWarsDeckbuildingGame-CloneWars-Kamino.png	rebelBase	Base			Republic			14	When you play a Trooper for the first time each turn, add a Trooper from your discard pile to your hand.	1					1	clone_wars
cw_rb7	Kashyyyk	star-wars-deckbuilding-game/clone-wars/StarWarsDeckbuildingGame-CloneWars-Kashyyyk.png	rebelBase	Base			Republic			12	When you reveal Kashyyyk, exile up to 3 cards from your hand or discard pile.	1					1	clone_wars
cw_rb8	Naboo	star-wars-deckbuilding-game/clone-wars/StarWarsDeckbuildingGame-CloneWars-Naboo.png	rebelBase	Base			Republic			12	While Naboo is your base, each of your capital ships gains 2 hit points.	1					0	clone_wars
cw_rb9	Rodia	star-wars-deckbuilding-game/clone-wars/StarWarsDeckbuildingGame-CloneWars-Rodia.png	rebelBase	Base			Republic			14	When you play a neutral card for the first time each turn, draw 1 card.	1					1	clone_wars
cw_rcs1	Consular-Class Cruiser	star-wars-deckbuilding-game/clone-wars/StarWarsDeckbuildingGame-CloneWars-ConsularClassCruiser.png	card	CapitalShip		2	Republic	Primarily used to transport Jedi and diplomats across the galaxy, the Consular-class cruiser is an oft cherished Republic vessel.		2	Swap a card in your hand with the top card of your deck.	2	2		2	Capital Ship.	0	clone_wars
cw_rcs2	Acclamator-Class Ship	star-wars-deckbuilding-game/clone-wars/StarWarsDeckbuildingGame-CloneWars-AcclamatorClassShip.png	card	CapitalShip		5	Republic	Heralding the sudden appearance of the Clone Army, the Acclamator-class Assault Ships are now important Republic assets.		5	Place the next card you purchase this turn on top of your deck.	2	3				0	clone_wars
cw_rcs3	Venator-Class Destroyer	star-wars-deckbuilding-game/clone-wars/StarWarsDeckbuildingGame-CloneWars-VenatorClassDestroyer.png	card	CapitalShip	3	7	Republic	The original class of Star Destroyer, the Venator is the first of its kind and instills fear in all who oppose it.		7	While Venator-class Destroyer is in play, each of your Fighter units gains 1 [force].	2					0	clone_wars
cw_rs1	Republic Shuttle	star-wars-deckbuilding-game/clone-wars/StarWarsDeckbuildingGame-CloneWars-RepublicShuttle.png	card	Unit		0	Republic	With many different shuttles available to the Republic, the Eta-class shuttle is a good choice regardless of the friendliness of the destination.				7	1			Transport.	0	clone_wars
cw_rs2	Clone Trooper	star-wars-deckbuilding-game/clone-wars/StarWarsDeckbuildingGame-CloneWars-CloneTrooper.png	card	Unit	2	0	Republic	Grown under ideal laboratory conditions, each clone trooper is trained from the start to be both a loyal and proficient soldier.				2				Trooper.	0	clone_wars
cw_rs3	Jedi Knight	star-wars-deckbuilding-game/clone-wars/StarWarsDeckbuildingGame-CloneWars-JediKnight.png	card	Unit		0	Republic	Lauded by some as peacekeepers, Jedi are taught to use words first before resorting to violence.			When you play Jedi Knight, choose: They gain 1 [attack], 1 [resource], or 1 [force] this turn.	1				Jedi.	0	clone_wars
cw_sb1	Xorrn	star-wars-deckbuilding-game/clone-wars/StarWarsDeckbuildingGame-CloneWars-Xorrn.png	empireBase	Base			Separatist			8	Start the game with this base in play.	1				Separatist Outpost.	1	clone_wars
cw_sb10	Dac	star-wars-deckbuilding-game/clone-wars/StarWarsDeckbuildingGame-CloneWars-Dac.png	empireBase	Base			Separatist			10	When you reveal Dac, purchase a Separatist or neutral card from the galaxy row for free and add it to your hand.	1					0	clone_wars
cw_sb2	Cato Neimoidia	star-wars-deckbuilding-game/clone-wars/StarWarsDeckbuildingGame-CloneWars-CatoNeimoidia.png	empireBase	Base			Separatist			14	When you reveal Cato Neimoidia, discard 1 enemy card from the galaxy row. Replace it with a different enemy card from the galaxy discard pile and gain [resource] equal to the latter card's cost.	1				Trade Federation.	1	clone_wars
cw_sb3	Serenno	star-wars-deckbuilding-game/clone-wars/StarWarsDeckbuildingGame-CloneWars-Serenno.png	empireBase	Base			Separatist			14	When you reveal Serenno, gain 4 [force].	1					1	clone_wars
cw_sb4	Onderon	star-wars-deckbuilding-game/clone-wars/StarWarsDeckbuildingGame-CloneWars-Onderon.png	empireBase	Base			Separatist			12	When you reveal Onderon, exile up to 3 cards from your hand or discard pile.	1					1	clone_wars
cw_sb5	Mygeeto	star-wars-deckbuilding-game/clone-wars/StarWarsDeckbuildingGame-CloneWars-Mygeeto.png	empireBase	Base			Separatist			18	While Mygeeto is your base, you do not return unspent resources to the supply at the end of your turn.	1				Banking Clan.	1	clone_wars
cw_sb6	Mustafar	star-wars-deckbuilding-game/clone-wars/StarWarsDeckbuildingGame-CloneWars-Mustafar.png	empireBase	Base			Separatist			14	When you play a neutral card for the first time each turn, draw 1 card.	1					1	clone_wars
cw_sb7	Lola Sayu	star-wars-deckbuilding-game/clone-wars/StarWarsDeckbuildingGame-CloneWars-LolaSayu.png	empireBase	Base			Separatist			14	When you reveal Lola Sayu, place 1 card from your opponent's discard pile facedown under this base. When this base is destroyed, return that card to your opponent's discard pile.	1				The Citadel.	1	clone_wars
cw_sb8	Geonosis	star-wars-deckbuilding-game/clone-wars/StarWarsDeckbuildingGame-CloneWars-Geonosis.png	empireBase	Base			Separatist			16	Spend [resource] equal to the cost of a Droid in your discard pile to add that card to your hand.	1					1	clone_wars
cw_sb9	Felucia	star-wars-deckbuilding-game/clone-wars/StarWarsDeckbuildingGame-CloneWars-Felucia.png	empireBase	Base			Separatist			14	While Felucia is your base, each of your Droid units gains 1 [force].	1					1	clone_wars
cw_scs1	Munificent-class Frigate	star-wars-deckbuilding-game/clone-wars/StarWarsDeckbuildingGame-CloneWars-MunificentClassFrigate.png	card	CapitalShip	1	3	Separatist	The lightly-armored Munificent-class Frigate is an important part of the Separatist fleet, capable of carrying 150,000 battle droids.		3	Exile a Separatist card from the galaxy row. If you do, repair 2 damage from your base.	2	1		1		0	clone_wars
cw_scs2	Separatist Dreadnought	star-wars-deckbuilding-game/clone-wars/StarWarsDeckbuildingGame-CloneWars-SeparatistDreadnought.png	card	CapitalShip	4	6	Separatist	The right to command each mighty Providence-class dreadnought is often squabbled over by high ranking officials.		5		2					0	clone_wars
cw_scs3	Droid Control Ship	star-wars-deckbuilding-game/clone-wars/StarWarsDeckbuildingGame-CloneWars-DroidControlShip.png	card	CapitalShip		4	Separatist	By providing support to seemingly endless droid armies, the Lucrehulk-class battleship can maintain lengthy planetary blockades.		4	Purchase a Droid from your exile pile as if it were in the galaxy row.	3	2				1	clone_wars
cw_ss1	Separatist Shuttle	star-wars-deckbuilding-game/clone-wars/StarWarsDeckbuildingGame-CloneWars-SeparatistShuttle.png	card	Unit		0	Separatist	Roughly resembling a Neimoidian soldier beetle, the large fin on the back of the Sheathipede-class transport shuttle allows it to bank quickly.				7	1		1	Transport.	0	clone_wars
cw_ss2	B1 Battle Droid	star-wars-deckbuilding-game/clone-wars/StarWarsDeckbuildingGame-CloneWars-B1BattleDroid.png	card	Unit	2	0	Separatist				Fielded en masse, the standard B1 Battle Droid often relies on command droids or organic officers to make decisions beyond who to shoot at.	2				Droid. Trooper.	0	clone_wars
cw_ss3	Dark Side Agent	star-wars-deckbuilding-game/clone-wars/StarWarsDeckbuildingGame-CloneWars-DarkSideAgent.png	card	Unit		0	Separatist	Not every force user is supervised by the Jedi when they first feel the temptation of the dark side.			When you play Dark Side Agent, choose: They gain 1 [attack], 1 [resource], or 1 [force] this turn.	1				Outcast.	0	clone_wars
din's_starfighter	Din's Starfighter	star-wars-deckbuilding-game/mandalorian/StarWarsDeckbuildingGame-Mandalorian-DinsStarfighter.jpg	mandalorian	Unit	6	6	Mandalorian			6	If the Force marker is on the neutral space, destroy a capital ship your opponent has in play.	1		Gain 3 [resource] and 3 [force].	9	Fighter.	1	mandalorian
eb1	Lothal	star-wars-deckbuilding-game/core-set/StarWarsDeckbuildingGame-CoreSet-Lothal.png	empireBase	Base			Empire			8	Start the game with this base in play.	1				Imperial Outpost.	1	core_set
eb10	Rodia	star-wars-deckbuilding-game/core-set/StarWarsDeckbuildingGame-CoreSet-Rodia.png	empireBase	Base			Empire			16	When you reveal Rodia, deal 1 damage to the enemy base for each enemy card in the galaxy row. Then discard each of those cards from the galaxy row.	1				Imperial Occupation	1	core_set
eb2	Corellia	star-wars-deckbuilding-game/core-set/StarWarsDeckbuildingGame-CoreSet-Corellia.png	empireBase	Base			Empire			10	When you reveal Corellia, purchase an Empire or neutral card from the galaxy row for free and add it to your hand.	1				Imperial Shipyards.	1	core_set
eb3	Kessel	star-wars-deckbuilding-game/core-set/StarWarsDeckbuildingGame-CoreSet-Kessel.png	empireBase	Base			Empire			12	When you reveal Kessel, exile up to 3 cards from your hand or discard pile.	1				The Spice Mines.	1	core_set
eb4	Kafrene	star-wars-deckbuilding-game/core-set/StarWarsDeckbuildingGame-CoreSet-Kafrene.png	empireBase	Base			Empire			14	When you play a neutral card for the first time each turn, draw 1 card.	1				Trading Post	1	core_set
eb5	Mustafar	star-wars-deckbuilding-game/core-set/StarWarsDeckbuildingGame-CoreSet-Mustafar.png	empireBase	Base			Empire			14	When you reveal Mustafar, gain 4 [resource].	1				Vader's Castle.	1	core_set
eb6	Ord Mantell	star-wars-deckbuilding-game/core-set/StarWarsDeckbuildingGame-CoreSet-OrdMantell.png	empireBase	Base			Empire			14	While Ord Mantell is your base, you can bounty hunt 1 neutral unit in the galaxy row each turn, using its cost as its target value. If you defeat that card, gain [resource] equal to its cost.	1				Bounty Hunting.	1	core_set
eb7	Coruscant	star-wars-deckbuilding-game/core-set/StarWarsDeckbuildingGame-CoreSet-Coruscant.png	empireBase	Base			Empire			16	When your turn begins, look at the top 2 cards of the galaxy deck. Place one on top of the deck and discard the other.	1				Galactic Rule.	1	core_set
eb8	Death Star	star-wars-deckbuilding-game/core-set/StarWarsDeckbuildingGame-CoreSet-DeathStar.png	empireBase	Base			Empire			16	Spend 4 [resource] to destroy a capital ship your opponent has in play or a capital ship in the galaxy row.	1					1	core_set
eb9	Endor	star-wars-deckbuilding-game/core-set/StarWarsDeckbuildingGame-CoreSet-Endor.png	empireBase	Base			Empire			16	While Endor is your base, each of your Trooper and Vehicle units gains 1 [attack].	1				Finest Legion.	1	core_set
ecs1	Gozanti Cruiser	star-wars-deckbuilding-game/core-set/StarWarsDeckbuildingGame-CoreSet-GozantiCruiser.png	card	CapitalShip		3	Empire	The Gozanti-class armored transport is used throughout the Empire to ferry goods and personnel between worlds.		3	Discard 1 card from your hand to draw 1 card.	3	2				0	core_set
ecs2	Imperial Carrier	star-wars-deckbuilding-game/core-set/StarWarsDeckbuildingGame-CoreSet-ImperialCarrier.png	card	CapitalShip		5	Empire	The Imperial carrier can hold up to forty-eight starfighters in its four hangars, making it an effective mobile headquarters.		5	While Imperial Carrier is in play, each of your Fighter units gains 1 [attack].	2	3				0	core_set
ecs3	Star Destroyer	star-wars-deckbuilding-game/core-set/StarWarsDeckbuildingGame-CoreSet-StarDestroyer.png	card	CapitalShip	4	7	Empire	The distinct profile of the Imperial-class Star Destroyer is a symbol of the Empire's strength. Stationing just one in orbit of a planet could quell local unrest.		7		2			1		0	core_set
es1	Imperial Shuttle	star-wars-deckbuilding-game/core-set/StarWarsDeckbuildingGame-CoreSet-ImperialShuttle.png	card	Unit		0	Empire	A versatile craft, the Lambda-class shuttle is used to transport resources, troopers, and even high-ranking dignitaries.				7	1			Transport.	0	core_set
es2	Stormtrooper	star-wars-deckbuilding-game/core-set/StarWarsDeckbuildingGame-CoreSet-Stormtrooper.png	card	Unit	2	0	Empire	Elite soldiers of the Empire, the white-and-black armor of Imperial stormtroopers inspires fear across the galaxy.				2				Trooper.	0	core_set
es3	Inquisitor	star-wars-deckbuilding-game/core-set/StarWarsDeckbuildingGame-CoreSet-Inquisitor.png	card	Unit		0	Empire	Force wielders in service to the Empire, the Inquisitors are elite Jedi hunters.			When you play Inquisitor, choose: They gain 1 [attack], 1 [resource], or 1 [force] this turn.	1					0	core_set
force_tracker	Force Tracker	star-wars-deckbuilding-game/other/StarWarsDeckbuildingGame-Other-ForceTracker.png	tracker	Tracker								1						other
foundling	Foundling	star-wars-deckbuilding-game/mandalorian/StarWarsDeckbuildingGame-Mandalorian-Foundling.jpg	mandalorian	Unit		1	Mandalorian	By creed, foundlings can join the Mandalorians when they come of age.		1	Exile this unit to add the next Bounty Hunter or Trooper you purchase this turn to your hand.	1	2	Gain 1 [resource].	1	Unit.	0	mandalorian
g1	Y-Wing	star-wars-deckbuilding-game/core-set/StarWarsDeckbuildingGame-CoreSet-YWing.png	card	Unit	2	1	Rebel			1	Exile this unit to deal 2 damage to your opponent's base or a capital ship they have in play.	2		Reward: Gain [resource].	1	Fighter.	0	core_set
g10	U-Wing	star-wars-deckbuilding-game/core-set/StarWarsDeckbuildingGame-CoreSet-UWing.png	card	Unit		4	Rebel			4	If the Force is with you, repair 3 damage from your base.	2	3	Reward: Gain 4 [resource].	4	Transport.	0	core_set
g11	Han Solo	star-wars-deckbuilding-game/core-set/StarWarsDeckbuildingGame-CoreSet-HanSolo.png	card	Unit	3	5	Rebel	You know, sometimes I amaze even myself.		5	Draw 1 card (2 cards instead if you have the Millennium Falcon in play).	1	2	Reward: Gain 3 [resource] and 2 [force]	5	Scoundrel.	1	core_set
g12	Cassian Andor	star-wars-deckbuilding-game/core-set/StarWarsDeckbuildingGame-CoreSet-CassianAndor.png	card	Unit	5	5	Rebel			5	When Cassian Andor defeats a target in the galaxy row, your opponent discards 1 card from their hand.	1		Reward: Gain 3 [resource] and 2 [force].	5	Trooper.	1	core_set
g13	B-Wing	star-wars-deckbuilding-game/core-set/StarWarsDeckbuildingGame-CoreSet-BWing.png	card	Unit	5	5	Rebel			5	Your opponent must choose: Either they discard 1 card from their hand, or this unit gains 2 [attack].	2		Reward: Exile up to 2 cards from your hand or discard pile.	5	Fighter.	0	core_set
g14	Princess Leia	star-wars-deckbuilding-game/core-set/StarWarsDeckbuildingGame-CoreSet-PrincessLeia.png	card	Unit	2	6	Rebel		2	6	Purchase a Rebel card from the galaxy row for free. If the Force is with you, place that card on top of your deck.	1	2	Reward: Gain 3 [resource] and 3 [force].	9	Officer.	1	core_set
g15	Millennium Falcon	star-wars-deckbuilding-game/core-set/StarWarsDeckbuildingGame-CoreSet-MillenniumFalcon.png	card	Unit	5	7	Rebel			7	Add a unique ([unique]) unit from your discard pile to your hand.	1	2	Reward: Purchase a card of your faction for free.	7	Transport.	1	core_set
g16	Luke Skywalker	star-wars-deckbuilding-game/core-set/StarWarsDeckbuildingGame-CoreSet-LukeSkywalker.png	card	Unit	6	8	Rebel	I am a Jedi, like my father before me.	2	8	If the Force is with you, destroy a capital ship your opponent has in play.	1		Reward: Gain 4 [resource] and 4 [force].	8	Jedi.	1	core_set
g17	Tie Fighter	star-wars-deckbuilding-game/core-set/StarWarsDeckbuildingGame-CoreSet-TieFighter.png	card	Unit	2	1	Empire	Fighters coming in! – Lando Calrissian		1	If you have a capital ship in play, draw 1 card.	3		Reward: Gain 1 [resource].	1	Fighter.	1	core_set
g18	Admiral Piett	star-wars-deckbuilding-game/core-set/StarWarsDeckbuildingGame-CoreSet-AdmiralPiett.png	card	Unit	2	2	Empire	Intensify forward firepower!		2	While Admiral Piett is in play, each of your capital ships gains 1 [attack].	1		Reward: Gain 1 [force].	2	Officer.	1	core_set
g19	Tie Bomber	star-wars-deckbuilding-game/core-set/StarWarsDeckbuildingGame-CoreSet-TieBomber.png	card	Unit	2	2	Empire	TIE bombers carry enough firepower to destroy virtually any target.		2	Discard 1 card from the galaxy row.	2		Reward: Exile 1 card from your hand or discard pile.	2	Fighter.	0	core_set
g2	Baze Malbus	star-wars-deckbuilding-game/core-set/StarWarsDeckbuildingGame-CoreSet-BazeMalbus.png	card	Unit	2	2	Rebel	You don't look happy.		2	Baze Malbus gains 1 [attack] for each Rebel base in your opponent's victory pile.	1		Reward: Gain 1 [force]	2	Trooper.	1	core_set
g20	Scout Trooper	star-wars-deckbuilding-game/core-set/StarWarsDeckbuildingGame-CoreSet-ScoutTrooper.png	card	Unit		2	Empire			2	Reveal the top card of the galaxy deck. If it is an Empire card, gain 1 [resource]. If it is an enemy card, discard it.	2	2	Reward: Exile a card from your hand or discard pile.	2	Trooper.	0	core_set
g21	Death Trooper	star-wars-deckbuilding-game/core-set/StarWarsDeckbuildingGame-CoreSet-DeathTrooper.png	card	Unit	3	3	Empire			3	While the Force is with you, this unit gains 2 [attack].	2		Reward: Gain 2 [force].	3	Trooper.	0	core_set
g22	Tie Interceptor	star-wars-deckbuilding-game/core-set/StarWarsDeckbuildingGame-CoreSet-TieInterceptor.png	card	Unit	3	3	Empire			3	Reveal the top card of the galaxy deck. If it is an Empire card, draw 1 card. If it is an enemy card, discard it.	2		Reward: Gain 3 [resource].	3	Fighter.	0	core_set
g23	Moff Jerjerrod	star-wars-deckbuilding-game/core-set/StarWarsDeckbuildingGame-CoreSet-MoffJerjerrod.png	card	Unit	2	4	Empire			4	Look at the top card of the galaxy deck. If the Force is with you, you may swap that card with a card from the galaxy row.	1	2	Reward: Gain 3 [force].	4	Officer.	1	core_set
g24	General Veers	star-wars-deckbuilding-game/core-set/StarWarsDeckbuildingGame-CoreSet-GeneralVeers.png	card	Unit	4	4	Empire	Target, maximum firepower!		4	If you have a Trooper or Vehicle in play, draw 1 card.	1		Reward: Gain 3 [force].	4	Officer.	1	core_set
g25	AT-ST	star-wars-deckbuilding-game/core-set/StarWarsDeckbuildingGame-CoreSet-ATST.png	card	Unit	4	4	Empire	Equipped with two chin-mounted blaster cannons, the Imperial AT-ST obliterates targets at range.		4	Discard 1 card from the galaxy row.	2		Reward: Exile up to 2 cards from your hand or discard pile.	4	Vehicle.	0	core_set
g26	Landing Craft	star-wars-deckbuilding-game/core-set/StarWarsDeckbuildingGame-CoreSet-LandingCraft.png	card	Unit		4	Empire			4	Choose: Gain 4 [resource], or repair 4 damage from your base.	2		Reward: Gain 4 [resource].	4	Transport.	0	core_set
g27	Director Krennic	star-wars-deckbuilding-game/core-set/StarWarsDeckbuildingGame-CoreSet-DirectorKrennic.png	card	Unit	3	5	Empire	We stand here amidst my achievement, not yours!		5	Draw 1 card (2 cards instead if your base is the Death Star).	1	2	Reward: Gain 3 [resource] and 2 [force].	5	Officer.	1	core_set
g28	Boba Fett	star-wars-deckbuilding-game/core-set/StarWarsDeckbuildingGame-CoreSet-BobaFett.png	card	Unit	5	5	Empire	He's no good to me dead.		5	When Boba Fett defeats a target in the galaxy row, draw 1 card.	1		Reward: Gain 3 [resource] and 2 [force].	5	Bounty Hunter.	1	core_set
g29	AT-AT	star-wars-deckbuilding-game/core-set/StarWarsDeckbuildingGame-CoreSet-ATAT.png	card	Unit	6	6	Empire			6	Add a Trooper from your discard pile to your hand.	1		Reward: Purchase a card of your faction for free.	9	Vehicle.	0	core_set
g3	Snowspeeder	star-wars-deckbuilding-game/core-set/StarWarsDeckbuildingGame-CoreSet-Snowspeeder.png	card	Unit	2	2	Rebel	“Watch that crossfire, boys!” – Luke Skywalker		2	Your opponent discards 1 card from their hand.	2		Reward: Exile 1 card from your hand or discard pile.		Vehicle.	0	core_set
g30	Grand Moff Tarkin	star-wars-deckbuilding-game/core-set/StarWarsDeckbuildingGame-CoreSet-GrandMoffTarkin.png	card	Unit	2	6	Empire		2	6	Add an Empire card from the galaxy row to your hand. You must exile that card at the end of your turn.	1	2	Reward: Gain 3 [resource] and 3 [force].	9	Officer.	1	core_set
g31	Darth Vader	star-wars-deckbuilding-game/core-set/StarWarsDeckbuildingGame-CoreSet-DarthVader.png	card	Unit	6	8	Empire	You don't know the power of the dark side.	2	8	While the Force is with you, Darth Vader gains 4 [attack].	1		Reward: Gain 4 [resource] and 4 [force].	8	Sith.	1	core_set
g32	Z-95 Headhunter	star-wars-deckbuilding-game/core-set/StarWarsDeckbuildingGame-CoreSet-Z95Headhunter.png	card	Unit	2	1	Neutral	While considered outdated by modern standards, the Z-95 is still deployed by many factions across the galaxy.			If your opponent has a capital ship in play, draw 1 card.	2				Fighter.	0	core_set
g33	Jawa Scavenger	star-wars-deckbuilding-game/core-set/StarWarsDeckbuildingGame-CoreSet-JawaScavenger.png	card	Unit		1	Neutral	Utinni!			Exile this unit to purchase a card from the galaxy discard pile as if it were in the galaxy row.	2	2				0	core_set
g34	Kel Dor Mystic	star-wars-deckbuilding-game/core-set/StarWarsDeckbuildingGame-CoreSet-KelDorMystic.png	card	Unit		2	Neutral	Some Force users choose to live in exile to hide their special abilities.	2		Exile this unit to exile 1 card from your hand or discard pile.	2					0	core_set
g35	Rodian Gunslinger	star-wars-deckbuilding-game/core-set/StarWarsDeckbuildingGame-CoreSet-RodianGunslinger.png	card	Unit	2	2	Neutral	The promise of fast credits inspires gunslingers from many species to take up bounty hunting.			This unit gains 2 [attack] while attacking a target in the galaxy row.	2				Bounty Hunter.	0	core_set
g36	Lobot	star-wars-deckbuilding-game/core-set/StarWarsDeckbuildingGame-CoreSet-Lobot.png	card	Unit		3	Neutral	Lobot's cybernetic implant can interface directly with Cloud City's central network, allowing him to respond quickly to any situation.			When you play Lobot, choose: He gains 2 [attack], 2 [resource], or 2 [force] this turn.	1				Officer.	1	core_set
g37	Bossk	star-wars-deckbuilding-game/core-set/StarWarsDeckbuildingGame-CoreSet-Bossk.png	card	Unit	3	3	Neutral	Trandoshans are renowned hunters. For members of Bossk’s species, the hunt is a spiritual rite of passage.			When Bossk defeats a target in the galaxy row, gain 1 [resource].	1				Bounty Hunter.	1	core_set
g38	Fang Fighter	star-wars-deckbuilding-game/core-set/StarWarsDeckbuildingGame-CoreSet-FangFighter.png	card	Unit	3	3	Neutral	The Mandalorian Fang Fighter is a fast and highly maneuverable starfighter built specifically for dogfighting.			When you purchase this unit, add it to your hand (and draw 1 card if the Force is with you).	2				Fighter.	0	core_set
g39	Twi'lek Smuggler	star-wars-deckbuilding-game/core-set/StarWarsDeckbuildingGame-CoreSet-TwilekSmuggler.png	card	Unit		3	Neutral	Every faction in the Outer Rim employs smugglers to help them acquire the goods they need, legal or otherwise.			Place the next card you purchase this turn on top of your deck.	2	3			Scoundrel.	0	core_set
g4	Duros Spy	star-wars-deckbuilding-game/core-set/StarWarsDeckbuildingGame-CoreSet-DurosSpy.png	card	Unit		2	Rebel			2	Your opponent must choose: Either they discard 1 card from their hand, or you gain 1 [resource].	2	2	Reward: Exile 1 card from your hand or discard pile.	2	Trooper.	0	core_set
g40	Dengar	star-wars-deckbuilding-game/core-set/StarWarsDeckbuildingGame-CoreSet-Dengar.png	card	Unit	4	4	Neutral	A dangerous and successful bounty hunter, Dengar demands a high price for his services.			When Dengar defeats a target in the galaxy row, gain 2 [resource].	1				Bounty Hunter.	1	core_set
g41	Quarren Mercenary	star-wars-deckbuilding-game/core-set/StarWarsDeckbuildingGame-CoreSet-QuarrenMercenary.png	card	Unit	4	4	Neutral	Soldiers in the Outer Rim will work for any faction, so long as the pay is good.			When you purchase this unit, exile 1 card from your hand or discard pile (up to 2 cards instead if the Force is with you).	2				Trooper.	0	core_set
g42	HWK-290	star-wars-deckbuilding-game/core-set/StarWarsDeckbuildingGame-CoreSet-HWK290.png	card	Unit		4	Neutral	The fast HWK-290 is favored by smugglers who specialize in transporting essential goods to dangerous places.			Exile this unit to repair 4 damage from your base.	2	4			Transport.	0	core_set
g43	IG-88	star-wars-deckbuilding-game/core-set/StarWarsDeckbuildingGame-CoreSet-IG88.png	card	Unit	5	5	Neutral	Programmed as an independent assassin droid, IG-88 became a feared bounty hunter.			When IG-88 defeats a target in the galaxy row, exile 1 card from your hand or discard pile.	1				Bounty Hunter. Droid.	1	core_set
g44	Lando Calrissian	star-wars-deckbuilding-game/core-set/StarWarsDeckbuildingGame-CoreSet-LandoCalrissian.png	card	Unit	3	6	Neutral	This deal is getting worse all the time.			Draw 1 card. If the Force is with you, your opponent discards 1 card from their hand.	1	3			Scoundrel.	1	core_set
g45	Jabba's Sail Barge	star-wars-deckbuilding-game/core-set/StarWarsDeckbuildingGame-CoreSet-JabbasSailBarge.png	card	Unit	4	7	Neutral	Jabba the Hutt uses his massive sail barge to travel the Dune Sea and host parties.			Add a Bounty Hunter from your discard pile to your hand.	1	3			Vehicle.	1	core_set
g46	Jabba The Hutt	star-wars-deckbuilding-game/core-set/StarWarsDeckbuildingGame-CoreSet-JabbaTheHutt.png	card	Unit	2	8	Neutral	I shall enjoy watching you die.	2		Exile 1 card from your hand to draw 1 card (2 cards instead if the Force is with you).	1	2			Scoundrel.	1	core_set
g5	Chirrut Imwe	star-wars-deckbuilding-game/core-set/StarWarsDeckbuildingGame-CoreSet-ChirrutImwe.png	card	Unit		3	Rebel	I am one with the Force, and the Force is with me.		3	While the Force is with you, Chirrut Imwe gains 2 [attack].	1	2	Reward: Gain 2 [force].	3	Trooper.	1	core_set
g6	Rebel Commando	star-wars-deckbuilding-game/core-set/StarWarsDeckbuildingGame-CoreSet-RebelCommando.png	card	Unit	3	3	Rebel			3	Your opponent discards 1 card from their hand (at random if the Force is with you).	2		Reward: Gain 2 [force].	3	Trooper.	3	core_set
g7	X-Wing	star-wars-deckbuilding-game/core-set/StarWarsDeckbuildingGame-CoreSet-XWing.png	card	Unit	3	3	Rebel	Lock S-foils in attack position. – Red Leader		3	If the Force is with you, draw 1 card.	3		Reward: Gain 3 [resource].		Fighter.	0	core_set
g8	Chewbacca	star-wars-deckbuilding-game/core-set/StarWarsDeckbuildingGame-CoreSet-Chewbacca.png	card	Unit	5	4	Rebel	Rwaarr!		4	If you have another unique (◆) unit in play, draw 1 card.	1		Reward: Gain 3 [force].	4	Scoundrel.	1	core_set
g9	Jyn Erso	star-wars-deckbuilding-game/core-set/StarWarsDeckbuildingGame-CoreSet-JynErso.png	card	Unit	4	4	Rebel			4	Look at your opponent's hand. If the Force is with you, place 1 card from their hand on top of their deck.	1		Reward: Gain 3 [force].	4	Scoundrel.	1	core_set
gauntlet_dropship	Gauntlet Dropship	star-wars-deckbuilding-game/mandalorian/StarWarsDeckbuildingGame-Mandalorian-GauntletDropship.jpg	mandalorian	Unit	3	5	Mandalorian	First team, prepare to drop. – Bo-Katan		5	Reveal the top 5 cards of your deck. Add a revealed Trooper to your hand.	1	2	Exile 2 cards from your hand or discard pile.	5	Transport.	0	mandalorian
glavis_ringworld	Glavis Ringworld	star-wars-deckbuilding-game/mandalorian/StarWarsDeckbuildingGame-Mandalorian-GlavisRingworld.jpg	mandalorian	Base			Mandalorian			16	While Glavis Ringworld is your base, spend 1 fewer [resource] on the first Mandalorian card you purchase each turn.	1					1	mandalorian
grogu	Grogu	star-wars-deckbuilding-game/mandalorian/StarWarsDeckbuildingGame-Mandalorian-Grogu.jpg	mandalorian	Unit	3	5	Mandalorian	Wherever I go, he goes. —The Mandalorian	2	5	Draw 1 card (2 cards instead if you have The Mandalorian in play).	1		Gain 3 [resource] and 2 [force].	5		1	mandalorian
kalevala	Kalevala	star-wars-deckbuilding-game/mandalorian/StarWarsDeckbuildingGame-Mandalorian-Kalevala.jpg	mandalorian	Base			Mandalorian			18	When you play a Trooper, repair 1 damage from this base.	1					1	mandalorian
koska_reeves	Koska Reeves	star-wars-deckbuilding-game/mandalorian/StarWarsDeckbuildingGame-Mandalorian-KoskaReeves.jpg	mandalorian	Unit	4	4	Mandalorian			4	Koska Reeves can attack a neutral unit in the galaxy row using that unit's cost as its target value. If you defeat that unit, gain [resource] equal to its cost.	1		Gain 3 [force].	4	Trooper.	1	mandalorian
mandalore	Mandalore	star-wars-deckbuilding-game/mandalorian/StarWarsDeckbuildingGame-Mandalorian-Mandalore.jpg	mandalorian	Base			Mandalorian			10	When you reveal Mandalore, purchase a Mandalorian or neutral card from the galaxy row for free and add it to your hand.	1					1	mandalorian
mandalorian_hijacker	Mandalorian Hijacker	star-wars-deckbuilding-game/mandalorian/StarWarsDeckbuildingGame-Mandalorian-MandalorianHijacker.jpg	mandalorian	Unit	4	4	Mandalorian			4	This unit can attack a capital ship in the galaxy row. If you destroy it, exile this unit to purchase that ship for free and add it to your hand.	1		Gain 3 [force].	4	Trooper.	0	mandalorian
mandalorian_hunter	Mandalorian Hunter	star-wars-deckbuilding-game/mandalorian/StarWarsDeckbuildingGame-Mandalorian-MandalorianHunter.jpg	mandalorian	Unit	3	3	Mandalorian			3	If the Force is with you, move the Force marker to the neutral space. This unit gains 1 [attack] for each space the Force marker moved this way.	1		Gain 2 [force].	3	Bounty Hunter.	0	mandalorian
mandalorian_shuttle	Mandalorian Shuttle	star-wars-deckbuilding-game/mandalorian/StarWarsDeckbuildingGame-Mandalorian-MandalorianShuttle.jpg	mandalorian	Unit		0	Mandalorian	The Mandalorian Kom'rk-class transport sports a rotating-wing design that enables vertical take-off and landing.				1	1			Transport.	0	mandalorian
mandalorian_soldier	Mandalorian Soldier	star-wars-deckbuilding-game/mandalorian/StarWarsDeckbuildingGame-Mandalorian-MandalorianSoldier.jpg	mandalorian	Unit	2	0	Mandalorian				Mandalorian shock troops descend upon their enemies wearing jetpacks and beskar armor.	1				Trooper.	0	mandalorian
ncs1	C-ROC Cruiser	star-wars-deckbuilding-game/core-set/StarWarsDeckbuildingGame-CoreSet-CROCCruiser.png	card	CapitalShip		3	Neutral	The C-ROC is a modified Gozanti-class cruiser used to transport goods across the Outer Rim.		3	Discard 1 card from your hand to repair 3 damage from your base.	2	1				0	core_set
ncs2	Blockade Runner	star-wars-deckbuilding-game/core-set/StarWarsDeckbuildingGame-CoreSet-BlockadeRunner.png	card	CapitalShip	1	4	Neutral			4	Though designed as a diplomatic courier ship, the Corellian CR90 corvette is often used to run planetary blockades.	3	1				0	core_set
ncs3	Nebulon-B Frigate	star-wars-deckbuilding-game/core-set/StarWarsDeckbuildingGame-CoreSet-NebulonBFrigate.png	card	CapitalShip		5	Neutral	They're heading for the medical frigate. - Wedge Antilles		5	Choose: Repair 3 damage from your base, or gain 3 [resource].	2					0	core_set
nevarro	Nevarro	star-wars-deckbuilding-game/mandalorian/StarWarsDeckbuildingGame-Mandalorian-Nevarro.jpg	mandalorian	Base						14	When you defeat a non-Permanent target in the galaxy row, draw 1 card.	1				Bounty Hunters Guild.	1	mandalorian
orp1	Outer Rim Pilot	star-wars-deckbuilding-game/core-set/StarWarsDeckbuildingGame-CoreSet-OuterRimPilot.png	card	Unit		2	Neutral	Most of the best freighter pilots are to be found here. – Obi-Wan Kenobi			Exile this unit to gain 1 [force].	10	2				0	core_set
paz_vizsla	Paz Vizsla	star-wars-deckbuilding-game/mandalorian/StarWarsDeckbuildingGame-Mandalorian-PazVizsla.jpg	mandalorian	Unit	2	2	Mandalorian	Get out of here! We'll hold 'em off!		2	Spend up to 3 [resource]. Paz Vizsla gains 1 [attack] for each [resource] spent this way.	1		Gain 1 [force].	2	Trooper.	1	mandalorian
protectorate_fighter	Protectorate Fighter	star-wars-deckbuilding-game/mandalorian/StarWarsDeckbuildingGame-Mandalorian-ProtectorateFighter.jpg	mandalorian	Unit	4	4	Mandalorian			4	When you purchase this unit, add it to your hand (and draw 1 card if the Force marker is on the neutral space).	1		Gain 4 [resource].	4	Fighter.	0	mandalorian
quick_reference_1	Quick Reference 1	star-wars-deckbuilding-game/other/StarWarsDeckbuildingGame-Other-QuickReference1.jpg	card	Rules								1					0	other
quick_reference_2	Quick Reference 2	star-wars-deckbuilding-game/other/StarWarsDeckbuildingGame-Other-QuickReference2.jpg	card	Rules								1					0	other
razorcrest	Razor Crest	star-wars-deckbuilding-game/mandalorian/StarWarsDeckbuildingGame-Mandalorian-RazorCrest.jpg	mandalorian	Unit	4	7	Mandalorian			7	Add the next Bounty Hunter or Trooper you purchase this turn to your hand.	1	3	Purchase a card of your faction for free.	7	Transport.	1	mandalorian
rb1	Dantooine	star-wars-deckbuilding-game/core-set/StarWarsDeckbuildingGame-CoreSet-Dantooine.png	rebelBase	Base			Rebel			8	Start the game with this base in play.	1				Rebel Outpost	1	core_set
rb10	Yavin 4	star-wars-deckbuilding-game/core-set/StarWarsDeckbuildingGame-CoreSet-Yavin4.png	rebelBase	Base			Rebel			16	When your opponent discards a card from their hand during your turn, deal 2 damage to their base.	1				Hidden Operations.	1	core_set
rb2	Mon Cala	star-wars-deckbuilding-game/core-set/StarWarsDeckbuildingGame-CoreSet-MonCala.png	rebelBase	Base			Rebel			10	When you reveal Mon Cala, purchase a Rebel or neutral card from the galaxy row for free and add it to your hand.	1				Industrial Strength	1	core_set
rb3	Dagobah	star-wars-deckbuilding-game/core-set/StarWarsDeckbuildingGame-CoreSet-Dagobah.png	rebelBase	Base			Rebel			12	When you reveal Dagobah, exile up to 3 cards from your hand or discard pile.	1				Jedi Training.	1	core_set
rb4	Bespin	star-wars-deckbuilding-game/core-set/StarWarsDeckbuildingGame-CoreSet-Bespin.png	rebelBase	Base			Rebel			14	When you play a neutral card for the first time each turn, draw 1 card.	1				Cloud City	1	core_set
rb5	Alderaan	star-wars-deckbuilding-game/core-set/StarWarsDeckbuildingGame-CoreSet-Alderaan.png	rebelBase	Base			Rebel			14	When you reveal Alderaan, gain 4 [resource].	1				Royal Influence.	1	core_set
rb6	Hoth	star-wars-deckbuilding-game/core-set/StarWarsDeckbuildingGame-CoreSet-Hoth.png	rebelBase	Base			Rebel			14	While Hoth is your base, prevent the first 2 damage dealt to Hoth each turn.	1				Planetary Shield.	1	core_set
rb7	Jedha	star-wars-deckbuilding-game/core-set/StarWarsDeckbuildingGame-CoreSet-Jedha.png	rebelBase	Base			Rebel			14	While Jedha is your base, add the first neutral card you purchase each turn to your hand. You must exile that card at the end of your turn.	1				Rebel Extremists	1	core_set
rb8	Tatooine	star-wars-deckbuilding-game/core-set/StarWarsDeckbuildingGame-CoreSet-Tatooine.png	rebelBase	Base			Rebel			14	When you reveal Tatooine, swap a card in the galaxy row with a Rebel card from the galaxy discard pile and gain 1 [resource].	1					1	core_set
rb9	Sullust	star-wars-deckbuilding-game/core-set/StarWarsDeckbuildingGame-CoreSet-Sullust.png	rebelBase	Base			Rebel			16	While Sullust is your base, place the first card you purchase each turn on top of your deck.	1					1	core_set
rcs1	Rebel Transport	star-wars-deckbuilding-game/core-set/StarWarsDeckbuildingGame-CoreSet-RebelTransport.png	card	CapitalShip		2	Rebel	The first transport is away!		2	Choose: Repair 2 damage from your base, or gain 1 [resource].	2					0	core_set
rcs2	Hammerhead Corvette	star-wars-deckbuilding-game/core-set/StarWarsDeckbuildingGame-CoreSet-HammerheadCorvette.png	card	CapitalShip		4	Rebel	Prepare for impact! –Kado Oquoné		4	Exile this capital ship to destroy a capital ship your opponent has in play, or an enemy capital ship in the galaxy row.	2	2				0	core_set
rcs3	Mon Calamari Cruiser	star-wars-deckbuilding-game/core-set/StarWarsDeckbuildingGame-CoreSet-MonCalamariCruiser.png	card	CapitalShip	3	6	Rebel	The Mon Calamari cruiser packs an enormous punch and is capable of going head-to-head with an Imperial Star Destroyer.		6		2					0	core_set
rs1	Alliance Shuttle	star-wars-deckbuilding-game/core-set/StarWarsDeckbuildingGame-CoreSet-AllianceShuttle.png	card	Unit		0	Rebel	Lightly armored and unarmed, Rebel supply ships typically require a fighter escort to traverse contested space.				7	1			Transport.	0	core_set
rs2	Rebel Trooper	star-wars-deckbuilding-game/core-set/StarWarsDeckbuildingGame-CoreSet-RebelTrooper.png	card	Unit	2	0	Rebel	Drawn from various resistance cells, Rebel infantry are well-trained and highly motivated.				2				Trooper.	0	core_set
rs3	Temple Guardian	star-wars-deckbuilding-game/core-set/StarWarsDeckbuildingGame-CoreSet-TempleGuardian.png	card	Unit		0	Rebel	The temple guardian's mask and robes symbolize their devotion to preserving the Jedi's legacy.			When you play Temple Guardian, choose: They gain 1 [attack], 1 [resource], or 1 [force] this turn.	1				Rebel Starter	0	core_set
survivor_langskib	Survivor Langskib	star-wars-deckbuilding-game/mandalorian/StarWarsDeckbuildingGame-Mandalorian-SurvivorLangskib.jpg	mandalorian	Unit		3	Mandalorian	The langskib is used by Mandalorian remnants to travel the devastated surface of Mandalore.		3	Choose: Move the Force marker to the neutral space, or gain 3 [resource].	1		Gain 3 [resource].	3	Vehicle.	0	mandalorian
tattooine	Tatooine	star-wars-deckbuilding-game/mandalorian/StarWarsDeckbuildingGame-Mandalorian-Tatooine.jpg	mandalorian	Base			Mandalorian			14	When you play a neutral card for the first time each turn, draw 1 card.	1					1	mandalorian
the_armorer	The Armorer	star-wars-deckbuilding-game/mandalorian/StarWarsDeckbuildingGame-Mandalorian-TheArmorer.jpg	mandalorian	Unit	3	6	Mandalorian			6	Repair 3 damage from your base (5 damage instead if the Force marker is on the neutral space).	1	3	Gain 3 [resource] and 3 [force].	9	Trooper.	1	mandalorian
the_mandalorian	The Mandalorian	star-wars-deckbuilding-game/mandalorian/StarWarsDeckbuildingGame-Mandalorian-TheMandalorian.jpg	mandalorian	Unit	5	5	Mandalorian			5	When The Mandalorian defeats a target in the galaxy row, choose a card in your discard pile. Place that card on top of your deck or exile it.	1		Gain 3 [resource] and 2 [force].	5	Bounty Hunter.	1	mandalorian
trask	Trask	star-wars-deckbuilding-game/mandalorian/StarWarsDeckbuildingGame-Mandalorian-Trask.jpg	mandalorian	Base			Mandalorian			14	When you reveal Trask, choose a capital ship in the galaxy row. You can use your units to attack that ship this turn. If you destroy it, purchase it for free and add it to your hand.	1					1	mandalorian
tython	Tython	star-wars-deckbuilding-game/mandalorian/StarWarsDeckbuildingGame-Mandalorian-Tython.jpg	mandalorian	Base			Mandalorian			14	When you reveal Tython, move the Force marker to the neutral space.	1				Seeing Stone.	0	mandalorian
