databaseId	name	imageUrl	cardBack	type	packName	set	loadGroupId
Premiere_A_Cold_Day_in_Hell.jpg	A Cold Day in Hell	rifts-ccg/premiere/RiftsCcg-Premiere-AColdDayInHell.jpg	default	Asset	Premiere	Premiere	playerNDeck
Premiere_A-63_All_Purpose_Robots.jpg	A-63 All Purpose Robots	rifts-ccg/premiere/RiftsCcg-Premiere-A63AllPurposeRobots.jpg	default	Field Unit	Premiere	Premiere	playerNDeck
Premiere_A-64_Master_Robots.jpg	A-64 Master Robots	rifts-ccg/premiere/RiftsCcg-Premiere-A64MasterRobots.jpg	default	Field Unit	Premiere	Premiere	playerNDeck
Premiere_AA-10_Bottweilers.jpg	AA-10 Bottweilers	rifts-ccg/premiere/RiftsCcg-Premiere-AA10Bottweilers.jpg	default	Field Unit	Premiere	Premiere	playerNDeck
Premiere_AA-50_Insectons.jpg	AA-50 Insectons	rifts-ccg/premiere/RiftsCcg-Premiere-AA50Insectons.jpg	default	Field Unit	Premiere	Premiere	playerNDeck
Premiere_Aberdeen_Proving_Grounds.jpg	Aberdeen Proving Grounds	rifts-ccg/premiere/RiftsCcg-Premiere-AberdeenProvingGrounds.jpg	default	Base Unit	Premiere	Premiere	playerNDeck
Premiere_AC-29_Air_Castle_Bombers.jpg	AC-29 Air Castle Bombers	rifts-ccg/premiere/RiftsCcg-Premiere-AC29AirCastleBombers.jpg	default	Field Unit	Premiere	Premiere	playerNDeck
Premiere_Aerial_Attack.jpg	Aerial Attack	rifts-ccg/premiere/RiftsCcg-Premiere-AerialAttack.jpg	default	Event	Premiere	Premiere	playerNDeck
Premiere_Alistair_Dunscon.jpg	Alistair Dunscon	rifts-ccg/premiere/RiftsCcg-Premiere-AlistairDunscon.jpg	default	Base Unit	Premiere	Premiere	playerNDeck
Premiere_All_Bases_Covered.jpg	All Bases Covered	rifts-ccg/premiere/RiftsCcg-Premiere-AllBasesCovered.jpg	default	Event	Premiere	Premiere	playerNDeck
Premiere_Alliance_of_Science.jpg	Alliance of Science	rifts-ccg/premiere/RiftsCcg-Premiere-AllianceOfScience.jpg	default	Asset	Premiere	Premiere	playerNDeck
Premiere_Alliance_of_Sorcery.jpg	Alliance of Sorcery	rifts-ccg/premiere/RiftsCcg-Premiere-AllianceOfSorcery.jpg	default	Asset	Premiere	Premiere	playerNDeck
Premiere_Ambush.jpg	Ambush	rifts-ccg/premiere/RiftsCcg-Premiere-Ambush.jpg	default	Event	Premiere	Premiere	playerNDeck
Premiere_Apprentice.jpg	Apprentice	rifts-ccg/premiere/RiftsCcg-Premiere-Apprentice.jpg	default	Asset	Premiere	Premiere	playerNDeck
Premiere_A.R.C.H.I.E._3-OZ.jpg	A.R.C.H.I.E. 3-OZ	rifts-ccg/premiere/RiftsCcg-Premiere-ARCHIE3OZ.jpg	default	Base Unit	Premiere	Premiere	playerNDeck
Premiere_Arl_Xzzyni.jpg	Arl Xzzyni	rifts-ccg/premiere/RiftsCcg-Premiere-ArlXzzyni.jpg	default	Base Unit	Premiere	Premiere	playerNDeck
Premiere_Armor_of_Ithan.jpg	Armor of Ithan	rifts-ccg/premiere/RiftsCcg-Premiere-ArmorOfIthan.jpg	default	Asset	Premiere	Premiere	playerNDeck
Premiere_Army_Recce.jpg	Army Recce	rifts-ccg/premiere/RiftsCcg-Premiere-ArmyRecce.jpg	default	Field Unit	Premiere	Premiere	playerNDeck
Premiere_Artillery_Barrage.jpg	Artillery Barrage	rifts-ccg/premiere/RiftsCcg-Premiere-ArtilleryBarrage.jpg	default	Asset	Premiere	Premiere	playerNDeck
Premiere_Aurelor_the_Magnificent.jpg	Aurelor the Magnificent	rifts-ccg/premiere/RiftsCcg-Premiere-AurelorTheMagnificent.jpg	default	Field Unit	Premiere	Premiere	playerNDeck
Premiere_Basal_Daemonix.jpg	Basal Daemonix	rifts-ccg/premiere/RiftsCcg-Premiere-BasalDaemonix.jpg	default	Base Unit	Premiere	Premiere	playerNDeck
Premiere_Battle_Magi.jpg	Battle Magi	rifts-ccg/premiere/RiftsCcg-Premiere-BattleMagi.jpg	default	Field Unit	Premiere	Premiere	playerNDeck
Premiere_Bigger_Guns.jpg	Bigger Guns	rifts-ccg/premiere/RiftsCcg-Premiere-BiggerGuns.jpg	default	Asset	Premiere	Premiere	playerNDeck
Premiere_Bio-Regeneration.jpg	Bio-Regeneration	rifts-ccg/premiere/RiftsCcg-Premiere-BioRegeneration.jpg	default	Asset	Premiere	Premiere	playerNDeck
Premiere_Black_Lightning_Helicopters.jpg	Black Lightning Helicopters	rifts-ccg/premiere/RiftsCcg-Premiere-BlackLightningHelicopters.jpg	default	Field Unit	Premiere	Premiere	playerNDeck
Premiere_Black_Market.jpg	Black Market	rifts-ccg/premiere/RiftsCcg-Premiere-BlackMarket.jpg	default	Asset	Premiere	Premiere	playerNDeck
Premiere_Bloodmist.jpg	Bloodmist	rifts-ccg/premiere/RiftsCcg-Premiere-Bloodmist.jpg	default	Base Unit	Premiere	Premiere	playerNDeck
Premiere_Bodyguards.jpg	Bodyguards	rifts-ccg/premiere/RiftsCcg-Premiere-Bodyguards.jpg	default	Asset	Premiere	Premiere	playerNDeck
Premiere_Booby_Trap.jpg	Booby Trap	rifts-ccg/premiere/RiftsCcg-Premiere-BoobyTrap.jpg	default	Event	Premiere	Premiere	playerNDeck
Premiere_Bountiful_Resources.jpg	Bountiful Resources	rifts-ccg/premiere/RiftsCcg-Premiere-BountifulResources.jpg	default	Asset	Premiere	Premiere	playerNDeck
Premiere_Brains_Over_Brawn.jpg	Brains Over Brawn	rifts-ccg/premiere/RiftsCcg-Premiere-BrainsOverBrawn.jpg	default	Asset	Premiere	Premiere	playerNDeck
Premiere_Brethan_D'zir.jpg	Brethan D'zir	rifts-ccg/premiere/RiftsCcg-Premiere-BrethanDzir.jpg	default	Base Unit	Premiere	Premiere	playerNDeck
Premiere_Brodkil_Miscreants.jpg	Brodkil Miscreants	rifts-ccg/premiere/RiftsCcg-Premiere-BrodkilMiscreants.jpg	default	Field Unit	Premiere	Premiere	playerNDeck
Premiere_Brok_Redman.jpg	Brok Redman	rifts-ccg/premiere/RiftsCcg-Premiere-BrokRedman.jpg	default	Base Unit	Premiere	Premiere	playerNDeck
Premiere_Burleson_the_War_Mage.jpg	Burleson the War Mage	rifts-ccg/premiere/RiftsCcg-Premiere-BurlesonTheWarMage.jpg	default	Field Unit	Premiere	Premiere	playerNDeck
Premiere_Bursters.jpg	Bursters	rifts-ccg/premiere/RiftsCcg-Premiere-Bursters.jpg	default	Field Unit	Premiere	Premiere	playerNDeck
Premiere_Central_War_Chief.jpg	Central War Chief	rifts-ccg/premiere/RiftsCcg-Premiere-CentralWarChief.jpg	default	Asset	Premiere	Premiere	playerNDeck
Premiere_Charge_of_the_Cyber-Knights.jpg	Charge of the Cyber-Knights	rifts-ccg/premiere/RiftsCcg-Premiere-ChargeOfTheCyberKnights.jpg	default	Event	Premiere	Premiere	playerNDeck
Premiere_Chi-Town_&_Burbs.jpg	Chi-Town & Burbs	rifts-ccg/premiere/RiftsCcg-Premiere-ChiTownBurbs.jpg	default	Base Unit	Premiere	Premiere	playerNDeck
Premiere_City_of_Brass.jpg	City of Brass	rifts-ccg/premiere/RiftsCcg-Premiere-CityOfBrass.jpg	default	Base Unit	Premiere	Premiere	playerNDeck
Premiere_City_of_Free_Quebec.jpg	City of Free Quebec	rifts-ccg/premiere/RiftsCcg-Premiere-CityOfFreeQuebec.jpg	default	Base Unit	Premiere	Premiere	playerNDeck
Premiere_City_of_Lazlo.jpg	City of Lazlo	rifts-ccg/premiere/RiftsCcg-Premiere-CityOfLazlo.jpg	default	Base Unit	Premiere	Premiere	playerNDeck
Premiere_City_of_Tolkeen.jpg	City of Tolkeen	rifts-ccg/premiere/RiftsCcg-Premiere-CityOfTolkeen.jpg	default	Base Unit	Premiere	Premiere	playerNDeck
Premiere_City_Rats.jpg	City Rats	rifts-ccg/premiere/RiftsCcg-Premiere-CityRats.jpg	default	Asset	Premiere	Premiere	playerNDeck
Premiere_Coalition_Armored_Group.jpg	Coalition Armored Group	rifts-ccg/premiere/RiftsCcg-Premiere-CoalitionArmoredGroup.jpg	default	Field Unit	Premiere	Premiere	playerNDeck
Premiere_Coalition_Juicers.jpg	Coalition Juicers	rifts-ccg/premiere/RiftsCcg-Premiere-CoalitionJuicers.jpg	default	Field Unit	Premiere	Premiere	playerNDeck
Premiere_Coalition_State_of_Iron_Heart.jpg	Coalition State of Iron Heart	rifts-ccg/premiere/RiftsCcg-Premiere-CoalitionStateOfIronHeart.jpg	default	Base Unit	Premiere	Premiere	playerNDeck
Premiere_Coalition_State_of_Lone_Star.jpg	Coalition State of Lone Star	rifts-ccg/premiere/RiftsCcg-Premiere-CoalitionStateOfLoneStar.jpg	default	Base Unit	Premiere	Premiere	playerNDeck
Premiere_Coalition_States.jpg	Coalition States	rifts-ccg/premiere/RiftsCcg-Premiere-CoalitionStates.jpg	default	Nation Card	Premiere	Premiere	playerNNation
Premiere_Colonel_Marcus_Larsen.jpg	Colonel Marcus Larsen	rifts-ccg/premiere/RiftsCcg-Premiere-ColonelMarcusLarsen.jpg	default	Base Unit	Premiere	Premiere	playerNDeck
Premiere_Colonel_Rolf_Ziechen,_Triax_Advisor.jpg	Colonel Rolf Ziechen, Triax Advisor	rifts-ccg/premiere/RiftsCcg-Premiere-ColonelRolfZiechenTriaxAdvisor.jpg	default	Base Unit	Premiere	Premiere	playerNDeck
Premiere_Colossus_Automatons.jpg	Colossus Automatons	rifts-ccg/premiere/RiftsCcg-Premiere-ColossusAutomatons.jpg	default	Field Unit	Premiere	Premiere	playerNDeck
Premiere_Commando_Strike.jpg	Commando Strike	rifts-ccg/premiere/RiftsCcg-Premiere-CommandoStrike.jpg	default	Event	Premiere	Premiere	playerNDeck
Premiere_Complacency.jpg	Complacency	rifts-ccg/premiere/RiftsCcg-Premiere-Complacency.jpg	default	Event	Premiere	Premiere	playerNDeck
Premiere_Coran_D'zir.jpg	Coran D'zir	rifts-ccg/premiere/RiftsCcg-Premiere-CoranDzir.jpg	default	Base Unit	Premiere	Premiere	playerNDeck
Premiere_Corrigal_of_the_Nine.jpg	Corrigal of the Nine	rifts-ccg/premiere/RiftsCcg-Premiere-CorrigalOfTheNine.jpg	default	Field Unit	Premiere	Premiere	playerNDeck
Premiere_Cracius_the_Cunning.jpg	Cracius the Cunning	rifts-ccg/premiere/RiftsCcg-Premiere-CraciusTheCunning.jpg	default	Base Unit	Premiere	Premiere	playerNDeck
Premiere_Crescent_Wing_Boards.jpg	Crescent Wing Boards	rifts-ccg/premiere/RiftsCcg-Premiere-CrescentWingBoards.jpg	default	Field Unit	Premiere	Premiere	playerNDeck
Premiere_Cross-Fire.jpg	Cross-Fire	rifts-ccg/premiere/RiftsCcg-Premiere-CrossFire.jpg	default	Event	Premiere	Premiere	playerNDeck
Premiere_Crush_Your_Enemies.jpg	Crush Your Enemies	rifts-ccg/premiere/RiftsCcg-Premiere-CrushYourEnemies.jpg	default	Event	Premiere	Premiere	playerNDeck
Premiere_CTX-50_Line_Backer_Tanks.jpg	CTX-50 Line Backer Tanks	rifts-ccg/premiere/RiftsCcg-Premiere-CTX50LineBackerTanks.jpg	default	Field Unit	Premiere	Premiere	playerNDeck
Premiere_Cyber-Doc.jpg	Cyber-Doc	rifts-ccg/premiere/RiftsCcg-Premiere-CyberDoc.jpg	default	Asset	Premiere	Premiere	playerNDeck
Premiere_Cyber-Snatchers.jpg	Cyber-Snatchers	rifts-ccg/premiere/RiftsCcg-Premiere-CyberSnatchers.jpg	default	Field Unit	Premiere	Premiere	playerNDeck
Premiere_Cyberworks.jpg	Cyberworks	rifts-ccg/premiere/RiftsCcg-Premiere-Cyberworks.jpg	default	Nation Card	Premiere	Premiere	playerNNation
Premiere_Cyborg_Enforcers.jpg	Cyborg Enforcers	rifts-ccg/premiere/RiftsCcg-Premiere-CyborgEnforcers.jpg	default	Field Unit	Premiere	Premiere	playerNDeck
Premiere_Daring_Rescue.jpg	Daring Rescue	rifts-ccg/premiere/RiftsCcg-Premiere-DaringRescue.jpg	default	Asset	Premiere	Premiere	playerNDeck
Premiere_Dead_Boy_Heavy_Infantry.jpg	Dead Boy Heavy Infantry	rifts-ccg/premiere/RiftsCcg-Premiere-DeadBoyHeavyInfantry.jpg	default	Field Unit	Premiere	Premiere	playerNDeck
Premiere_Death's_Head_Squadron.jpg	Death's Head Squadron	rifts-ccg/premiere/RiftsCcg-Premiere-DeathsHeadSquadron.jpg	default	Field Unit	Premiere	Premiere	playerNDeck
Premiere_Defensive_Perimeter.jpg	Defensive Perimeter	rifts-ccg/premiere/RiftsCcg-Premiere-DefensivePerimeter.jpg	default	Asset	Premiere	Premiere	playerNDeck
Premiere_Demonbusters,_Inc..jpg	Demonbusters, Inc.	rifts-ccg/premiere/RiftsCcg-Premiere-DemonbustersInc.jpg	default	Field Unit	Premiere	Premiere	playerNDeck
Premiere_Dervish_Cyborg_Troopers.jpg	Dervish Cyborg Troopers	rifts-ccg/premiere/RiftsCcg-Premiere-DervishCyborgTroopers.jpg	default	Field Unit	Premiere	Premiere	playerNDeck
Premiere_Devouring_Swarm.jpg	Devouring Swarm	rifts-ccg/premiere/RiftsCcg-Premiere-DevouringSwarm.jpg	default	Event	Premiere	Premiere	playerNDeck
Premiere_Discreet_Observation.jpg	Discreet Observation	rifts-ccg/premiere/RiftsCcg-Premiere-DiscreetObservation.jpg	default	Asset	Premiere	Premiere	playerNDeck
Premiere_Dispersal.jpg	Dispersal	rifts-ccg/premiere/RiftsCcg-Premiere-Dispersal.jpg	default	Event	Premiere	Premiere	playerNDeck
Premiere_Dog_Pack_Seek-and-Destroy_Squads.jpg	Dog Pack Seek-and-Destroy Squads	rifts-ccg/premiere/RiftsCcg-Premiere-DogPackSeekAndDestroySquads.jpg	default	Field Unit	Premiere	Premiere	playerNDeck
Premiere_Dr._Desmond_Bradford.jpg	Dr. Desmond Bradford	rifts-ccg/premiere/RiftsCcg-Premiere-DrDesmondBradford.jpg	default	Base Unit	Premiere	Premiere	playerNDeck
Premiere_Dragon_Juicers.jpg	Dragon Juicers	rifts-ccg/premiere/RiftsCcg-Premiere-DragonJuicers.jpg	default	Field Unit	Premiere	Premiere	playerNDeck
Premiere_Duluth_Hive.jpg	Duluth Hive	rifts-ccg/premiere/RiftsCcg-Premiere-DuluthHive.jpg	default	Base Unit	Premiere	Premiere	playerNDeck
Premiere_Duluth_Xiticix.jpg	Duluth Xiticix	rifts-ccg/premiere/RiftsCcg-Premiere-DuluthXiticix.jpg	default	Field Unit	Premiere	Premiere	playerNDeck
Premiere_Dweomer.jpg	Dweomer	rifts-ccg/premiere/RiftsCcg-Premiere-Dweomer.jpg	default	Base Unit	Premiere	Premiere	playerNDeck
Premiere_Earth_Elementals.jpg	Earth Elementals	rifts-ccg/premiere/RiftsCcg-Premiere-EarthElementals.jpg	default	Field Unit	Premiere	Premiere	playerNDeck
Premiere_Earthwake_Iron_Juggernauts.jpg	Earthwake Iron Juggernauts	rifts-ccg/premiere/RiftsCcg-Premiere-EarthwakeIronJuggernauts.jpg	default	Field Unit	Premiere	Premiere	playerNDeck
Premiere_Elemental_Warlocks.jpg	Elemental Warlocks	rifts-ccg/premiere/RiftsCcg-Premiere-ElementalWarlocks.jpg	default	Base Unit	Premiere	Premiere	playerNDeck
Premiere_Emperor_Karl_Prosek.jpg	Emperor Karl Prosek	rifts-ccg/premiere/RiftsCcg-Premiere-EmperorKarlProsek.jpg	default	Base Unit	Premiere	Premiere	playerNDeck
Premiere_Emperor_Sabre_Lasar.jpg	Emperor Sabre Lasar	rifts-ccg/premiere/RiftsCcg-Premiere-EmperorSabreLasar.jpg	default	Base Unit	Premiere	Premiere	playerNDeck
Premiere_Endless_Horde_of_Minions.jpg	Endless Horde of Minions	rifts-ccg/premiere/RiftsCcg-Premiere-EndlessHordeOfMinions.jpg	default	Event	Premiere	Premiere	playerNDeck
Premiere_Engineers.jpg	Engineers	rifts-ccg/premiere/RiftsCcg-Premiere-Engineers.jpg	default	Asset	Premiere	Premiere	playerNDeck
Premiere_Erin_Tarn.jpg	Erin Tarn	rifts-ccg/premiere/RiftsCcg-Premiere-ErinTarn.jpg	default	Base Unit	Premiere	Premiere	playerNDeck
Premiere_Experiments.jpg	Experiments	rifts-ccg/premiere/RiftsCcg-Premiere-Experiments.jpg	default	Event	Premiere	Premiere	playerNDeck
Premiere_Extermination.jpg	Extermination	rifts-ccg/premiere/RiftsCcg-Premiere-Extermination.jpg	default	Event	Premiere	Premiere	playerNDeck
Premiere_Fargo_Hive.jpg	Fargo Hive	rifts-ccg/premiere/RiftsCcg-Premiere-FargoHive.jpg	default	Base Unit	Premiere	Premiere	playerNDeck
Premiere_Fargo_Xiticix.jpg	Fargo Xiticix	rifts-ccg/premiere/RiftsCcg-Premiere-FargoXiticix.jpg	default	Field Unit	Premiere	Premiere	playerNDeck
Premiere_Feculence_Daemonix.jpg	Feculence Daemonix	rifts-ccg/premiere/RiftsCcg-Premiere-FeculenceDaemonix.jpg	default	Field Unit	Premiere	Premiere	playerNDeck
Premiere_Federation_of_Magic.jpg	Federation of Magic	rifts-ccg/premiere/RiftsCcg-Premiere-FederationOfMagic.jpg	default	Nation Card	Premiere	Premiere	playerNNation
Premiere_Fire_Demon_Automatons.jpg	Fire Demon Automatons	rifts-ccg/premiere/RiftsCcg-Premiere-FireDemonAutomatons.jpg	default	Field Unit	Premiere	Premiere	playerNDeck
Premiere_First_Calgary_Volunteers.jpg	First Calgary Volunteers	rifts-ccg/premiere/RiftsCcg-Premiere-FirstCalgaryVolunteers.jpg	default	Field Unit	Premiere	Premiere	playerNDeck
Premiere_Fleet_Admiral_Jacques_LeFevre.jpg	Fleet Admiral Jacques LeFevre	rifts-ccg/premiere/RiftsCcg-Premiere-FleetAdmiralJacquesLeFevre.jpg	default	Base Unit	Premiere	Premiere	playerNDeck
Premiere_Flying_Titan_Power_Armor_Troops.jpg	Flying Titan Power Armor Troops	rifts-ccg/premiere/RiftsCcg-Premiere-FlyingTitanPowerArmorTroops.jpg	default	Field Unit	Premiere	Premiere	playerNDeck
Premiere_Force_Field.jpg	Force Field	rifts-ccg/premiere/RiftsCcg-Premiere-ForceField.jpg	default	Event	Premiere	Premiere	playerNDeck
Premiere_Fort_Caldera.jpg	Fort Caldera	rifts-ccg/premiere/RiftsCcg-Premiere-FortCaldera.jpg	default	Base Unit	Premiere	Premiere	playerNDeck
Premiere_Fortifications.jpg	Fortifications	rifts-ccg/premiere/RiftsCcg-Premiere-Fortifications.jpg	default	Field Unit	Premiere	Premiere	playerNDeck
Premiere_Frank_Mire,_Coalition_Grunt.jpg	Frank Mire, Coalition Grunt	rifts-ccg/premiere/RiftsCcg-Premiere-FrankMireCoalitionGrunt.jpg	default	Field Unit	Premiere	Premiere	playerNDeck
Premiere_Free_Quebec.jpg	Free Quebec	rifts-ccg/premiere/RiftsCcg-Premiere-FreeQuebec.jpg	default	Nation Card	Premiere	Premiere	playerNNation
Premiere_Freehold,_City_of_Dragons.jpg	Freehold, City of Dragons	rifts-ccg/premiere/RiftsCcg-Premiere-FreeholdCityOfDragons.jpg	default	Base Unit	Premiere	Premiere	playerNDeck
Premiere_Full_Mobilization.jpg	Full Mobilization	rifts-ccg/premiere/RiftsCcg-Premiere-FullMobilization.jpg	default	Event	Premiere	Premiere	playerNDeck
Premiere_Fury_Iron_Juggernauts.jpg	Fury Iron Juggernauts	rifts-ccg/premiere/RiftsCcg-Premiere-FuryIronJuggernauts.jpg	default	Field Unit	Premiere	Premiere	playerNDeck
Premiere_GB_6-96_Glitter_Boy_Transport.jpg	GB 6-96 Glitter Boy Transport	rifts-ccg/premiere/RiftsCcg-Premiere-GB696GlitterBoyTransport.jpg	default	Field Unit	Premiere	Premiere	playerNDeck
Premiere_General_Genius_Godfrey.jpg	General "Genius" Godfrey	rifts-ccg/premiere/RiftsCcg-Premiere-GeneralGeniusGodfrey.jpg	default	Field Unit	Premiere	Premiere	playerNDeck
Premiere_General_Marshall_Cabot.jpg	General Marshall Cabot	rifts-ccg/premiere/RiftsCcg-Premiere-GeneralMarshallCabot.jpg	default	Base Unit	Premiere	Premiere	playerNDeck
Premiere_General_Ross_Underhill.jpg	General Ross Underhill	rifts-ccg/premiere/RiftsCcg-Premiere-GeneralRossUnderhill.jpg	default	Base Unit	Premiere	Premiere	playerNDeck
Premiere_Geometric_Growth.jpg	Geometric Growth	rifts-ccg/premiere/RiftsCcg-Premiere-GeometricGrowth.jpg	default	Event	Premiere	Premiere	playerNDeck
Premiere_Glitter_Boy_Killers.jpg	Glitter Boy Killers	rifts-ccg/premiere/RiftsCcg-Premiere-GlitterBoyKillers.jpg	default	Field Unit	Premiere	Premiere	playerNDeck
Premiere_Glitter_Boy_Sidekicks.jpg	Glitter Boy Sidekicks	rifts-ccg/premiere/RiftsCcg-Premiere-GlitterBoySidekicks.jpg	default	Field Unit	Premiere	Premiere	playerNDeck
Premiere_Glitter_Boy_Squadron.jpg	Glitter Boy Squadron	rifts-ccg/premiere/RiftsCcg-Premiere-GlitterBoySquadron.jpg	default	Field Unit	Premiere	Premiere	playerNDeck
Premiere_Glitter_Girls.jpg	Glitter Girls	rifts-ccg/premiere/RiftsCcg-Premiere-GlitterGirls.jpg	default	Field Unit	Premiere	Premiere	playerNDeck
Premiere_Golden_Age_Weaponsmiths.jpg	Golden Age Weaponsmiths	rifts-ccg/premiere/RiftsCcg-Premiere-GoldenAgeWeaponsmiths.jpg	default	Field Unit	Premiere	Premiere	playerNDeck
Premiere_Grahmzin_LaMoore.jpg	Grahmzin LaMoore	rifts-ccg/premiere/RiftsCcg-Premiere-GrahmzinLaMoore.jpg	default	Field Unit	Premiere	Premiere	playerNDeck
Premiere_Gray_Fox.jpg	Gray Fox	rifts-ccg/premiere/RiftsCcg-Premiere-GrayFox.jpg	default	Base Unit	Premiere	Premiere	playerNDeck
Premiere_Grind_Them_to_Dust.jpg	Grind Them to Dust	rifts-ccg/premiere/RiftsCcg-Premiere-GrindThemToDust.jpg	default	Event	Premiere	Premiere	playerNDeck
Premiere_Ground_Assault.jpg	Ground Assault	rifts-ccg/premiere/RiftsCcg-Premiere-GroundAssault.jpg	default	Event	Premiere	Premiere	playerNDeck
Premiere_Hagan_Lonovich.jpg	Hagan Lonovich	rifts-ccg/premiere/RiftsCcg-Premiere-HaganLonovich.jpg	default	Base Unit	Premiere	Premiere	playerNDeck
Premiere_Hangdog_Daemonix.jpg	Hangdog Daemonix	rifts-ccg/premiere/RiftsCcg-Premiere-HangdogDaemonix.jpg	default	Field Unit	Premiere	Premiere	playerNDeck
Premiere_Head_Shot.jpg	Head Shot	rifts-ccg/premiere/RiftsCcg-Premiere-HeadShot.jpg	default	Event	Premiere	Premiere	playerNDeck
Premiere_Heavy_Duty_Cyborgs.jpg	Heavy Duty Cyborgs	rifts-ccg/premiere/RiftsCcg-Premiere-HeavyDutyCyborgs.jpg	default	Field Unit	Premiere	Premiere	playerNDeck
Premiere_Heavy_Fire.jpg	Heavy Fire	rifts-ccg/premiere/RiftsCcg-Premiere-HeavyFire.jpg	default	Event	Premiere	Premiere	playerNDeck
Premiere_Heroism.jpg	Heroism	rifts-ccg/premiere/RiftsCcg-Premiere-Heroism.jpg	default	Event	Premiere	Premiere	playerNDeck
Premiere_Hidden_Arts.jpg	Hidden Arts	rifts-ccg/premiere/RiftsCcg-Premiere-HiddenArts.jpg	default	Event	Premiere	Premiere	playerNDeck
Premiere_High_Magi.jpg	High Magi	rifts-ccg/premiere/RiftsCcg-Premiere-HighMagi.jpg	default	Field Unit	Premiere	Premiere	playerNDeck
Premiere_Hit_and_Run.jpg	Hit and Run	rifts-ccg/premiere/RiftsCcg-Premiere-HitAndRun.jpg	default	Event	Premiere	Premiere	playerNDeck
Premiere_Houstown.jpg	Houstown	rifts-ccg/premiere/RiftsCcg-Premiere-Houstown.jpg	default	Base Unit	Premiere	Premiere	playerNDeck
Premiere_IAR-4_Hellraisers.jpg	IAR-4 Hellraisers	rifts-ccg/premiere/RiftsCcg-Premiere-IAR4Hellraisers.jpg	default	Field Unit	Premiere	Premiere	playerNDeck
Premiere_IAR-5_Hellfires.jpg	IAR-5 Hellfires	rifts-ccg/premiere/RiftsCcg-Premiere-IAR5Hellfires.jpg	default	Field Unit	Premiere	Premiere	playerNDeck
Premiere_Immolator_Daemonix.jpg	Immolator Daemonix	rifts-ccg/premiere/RiftsCcg-Premiere-ImmolatorDaemonix.jpg	default	Field Unit	Premiere	Premiere	playerNDeck
Premiere_Imprimer_Cyborgs.jpg	Imprimer Cyborgs	rifts-ccg/premiere/RiftsCcg-Premiere-ImprimerCyborgs.jpg	default	Field Unit	Premiere	Premiere	playerNDeck
Premiere_Invulnerability.jpg	Invulnerability	rifts-ccg/premiere/RiftsCcg-Premiere-Invulnerability.jpg	default	Event	Premiere	Premiere	playerNDeck
Premiere_Iron_Dragonfly_Heavy_Air_Juggernauts.jpg	Iron Dragonfly Heavy Air Juggernauts	rifts-ccg/premiere/RiftsCcg-Premiere-IronDragonflyHeavyAirJuggernauts.jpg	default	Field Unit	Premiere	Premiere	playerNDeck
Premiere_Ironbane.jpg	Ironbane	rifts-ccg/premiere/RiftsCcg-Premiere-Ironbane.jpg	default	Asset	Premiere	Premiere	playerNDeck
Premiere_Joseph_Prosek_II.jpg	Joseph Prosek II	rifts-ccg/premiere/RiftsCcg-Premiere-JosephProsekII.jpg	default	Base Unit	Premiere	Premiere	playerNDeck
Premiere_Juicer_Army_of_Liberation.jpg	Juicer Army of Liberation	rifts-ccg/premiere/RiftsCcg-Premiere-JuicerArmyOfLiberation.jpg	default	Asset	Premiere	Premiere	playerNDeck
Premiere_Juicer_Assassins.jpg	Juicer Assassins	rifts-ccg/premiere/RiftsCcg-Premiere-JuicerAssassins.jpg	default	Field Unit	Premiere	Premiere	playerNDeck
Premiere_K'zaa.jpg	K'zaa	rifts-ccg/premiere/RiftsCcg-Premiere-Kzaa.jpg	default	Base Unit	Premiere	Premiere	playerNDeck
Premiere_Khosrou.jpg	Khosrou	rifts-ccg/premiere/RiftsCcg-Premiere-Khosrou.jpg	default	Field Unit	Premiere	Premiere	playerNDeck
Premiere_Kill_Hounds.jpg	Kill Hounds	rifts-ccg/premiere/RiftsCcg-Premiere-KillHounds.jpg	default	Field Unit	Premiere	Premiere	playerNDeck
Premiere_King_Victor_Macklin.jpg	King Victor Macklin	rifts-ccg/premiere/RiftsCcg-Premiere-KingVictorMacklin.jpg	default	Base Unit	Premiere	Premiere	playerNDeck
Premiere_Know_Thy_Enemy.jpg	Know Thy Enemy	rifts-ccg/premiere/RiftsCcg-Premiere-KnowThyEnemy.jpg	default	Event	Premiere	Premiere	playerNDeck
Premiere_Large-Scale_Tactics.jpg	Large-Scale Tactics	rifts-ccg/premiere/RiftsCcg-Premiere-LargeScaleTactics.jpg	default	Event	Premiere	Premiere	playerNDeck
Premiere_Last_Stand.jpg	Last Stand	rifts-ccg/premiere/RiftsCcg-Premiere-LastStand.jpg	default	Event	Premiere	Premiere	playerNDeck
Premiere_Lazlo.jpg	Lazlo	rifts-ccg/premiere/RiftsCcg-Premiere-Lazlo.jpg	default	Nation Card	Premiere	Premiere	playerNNation
Premiere_Le_Baron_Epouvantable.jpg	Le Baron Epouvantable	rifts-ccg/premiere/RiftsCcg-Premiere-LeBaronEpouvantable.jpg	default	Field Unit	Premiere	Premiere	playerNDeck
Premiere_Le_Surete_du_Quebec.jpg	Le Surete du Quebec	rifts-ccg/premiere/RiftsCcg-Premiere-LeSureteDuQuebec.jpg	default	Base Unit	Premiere	Premiere	playerNDeck
Premiere_Leizak_D'zir.jpg	Leizak D'zir	rifts-ccg/premiere/RiftsCcg-Premiere-LeizakDzir.jpg	default	Base Unit	Premiere	Premiere	playerNDeck
Premiere_Ley_Line_Nexus.jpg	Ley Line Nexus	rifts-ccg/premiere/RiftsCcg-Premiere-LeyLineNexus.jpg	default	Event	Premiere	Premiere	playerNDeck
Premiere_Ley_Line_Storm.jpg	Ley Line Storm	rifts-ccg/premiere/RiftsCcg-Premiere-LeyLineStorm.jpg	default	Event	Premiere	Premiere	playerNDeck
Premiere_Ley_Line_Walkers.jpg	Ley Line Walkers	rifts-ccg/premiere/RiftsCcg-Premiere-LeyLineWalkers.jpg	default	Field Unit	Premiere	Premiere	playerNDeck
Premiere_Liberte,_Fraternite.jpg	Liberté, Fraternité	rifts-ccg/premiere/RiftsCcg-Premiere-LibertFraternit.jpg	default	Event	Premiere	Premiere	playerNDeck
Premiere_Liberty_Reserve_Cyborgs.jpg	Liberty Reserve Cyborgs	rifts-ccg/premiere/RiftsCcg-Premiere-LibertyReserveCyborgs.jpg	default	Field Unit	Premiere	Premiere	playerNDeck
Premiere_Liberty_Reserve_Juicers.jpg	Liberty Reserve Juicers	rifts-ccg/premiere/RiftsCcg-Premiere-LibertyReserveJuicers.jpg	default	Field Unit	Premiere	Premiere	playerNDeck
Premiere_Lockdown.jpg	Lockdown	rifts-ccg/premiere/RiftsCcg-Premiere-Lockdown.jpg	default	Asset	Premiere	Premiere	playerNDeck
Premiere_Loot_and_Pillage.jpg	Loot and Pillage	rifts-ccg/premiere/RiftsCcg-Premiere-LootAndPillage.jpg	default	Event	Premiere	Premiere	playerNDeck
Premiere_Lord_Magi.jpg	Lord Magi	rifts-ccg/premiere/RiftsCcg-Premiere-LordMagi.jpg	default	Field Unit	Premiere	Premiere	playerNDeck
Premiere_Los_Alamo.jpg	Los Alamo	rifts-ccg/premiere/RiftsCcg-Premiere-LosAlamo.jpg	default	Base Unit	Premiere	Premiere	playerNDeck
Premiere_M.R._Hummel's_Hammerheads.jpg	M.R. Hummel's Hammerheads	rifts-ccg/premiere/RiftsCcg-Premiere-MRHummelsHammerheads.jpg	default	Field Unit	Premiere	Premiere	playerNDeck
Premiere_Magestar.jpg	Magestar	rifts-ccg/premiere/RiftsCcg-Premiere-Magestar.jpg	default	Base Unit	Premiere	Premiere	playerNDeck
Premiere_Major_Perrin.jpg	Major Perrin	rifts-ccg/premiere/RiftsCcg-Premiere-MajorPerrin.jpg	default	Field Unit	Premiere	Premiere	playerNDeck
Premiere_Man-Eagles.jpg	Man-Eagles	rifts-ccg/premiere/RiftsCcg-Premiere-ManEagles.jpg	default	Field Unit	Premiere	Premiere	playerNDeck
Premiere_Mankind's_Salvation.jpg	Mankind's Salvation	rifts-ccg/premiere/RiftsCcg-Premiere-MankindsSalvation.jpg	default	Asset	Premiere	Premiere	playerNDeck
Premiere_Manslayer_Daemonix.jpg	Manslayer Daemonix	rifts-ccg/premiere/RiftsCcg-Premiere-ManslayerDaemonix.jpg	default	Field Unit	Premiere	Premiere	playerNDeck
Premiere_Mark_V_Armored_Personnel_Carrier.jpg	Mark V Armored Personnel Carrier	rifts-ccg/premiere/RiftsCcg-Premiere-MarkVArmoredPersonnelCarrier.jpg	default	Field Unit	Premiere	Premiere	playerNDeck
Premiere_Mechanized_Platoon.jpg	Mechanized Platoon	rifts-ccg/premiere/RiftsCcg-Premiere-MechanizedPlatoon.jpg	default	Field Unit	Premiere	Premiere	playerNDeck
Premiere_Mechanized_Recon_Squad.jpg	Mechanized Recon Squad	rifts-ccg/premiere/RiftsCcg-Premiere-MechanizedReconSquad.jpg	default	Field Unit	Premiere	Premiere	playerNDeck
Premiere_Mega-Juicers.jpg	Mega-Juicers	rifts-ccg/premiere/RiftsCcg-Premiere-MegaJuicers.jpg	default	Field Unit	Premiere	Premiere	playerNDeck
Premiere_Mental_Discipline.jpg	Mental Discipline	rifts-ccg/premiere/RiftsCcg-Premiere-MentalDiscipline.jpg	default	Event	Premiere	Premiere	playerNDeck
Premiere_Merchant_Marine.jpg	Merchant Marine	rifts-ccg/premiere/RiftsCcg-Premiere-MerchantMarine.jpg	default	Asset	Premiere	Premiere	playerNDeck
Premiere_Mind_Melters.jpg	Mind Melters	rifts-ccg/premiere/RiftsCcg-Premiere-MindMelters.jpg	default	Field Unit	Premiere	Premiere	playerNDeck
Premiere_Missile_Salvo.jpg	Missile Salvo	rifts-ccg/premiere/RiftsCcg-Premiere-MissileSalvo.jpg	default	Event	Premiere	Premiere	playerNDeck
Premiere_Mobile_Defense.jpg	Mobile Defense	rifts-ccg/premiere/RiftsCcg-Premiere-MobileDefense.jpg	default	Event	Premiere	Premiere	playerNDeck
Premiere_Mongoth.jpg	Mongoth	rifts-ccg/premiere/RiftsCcg-Premiere-Mongoth.jpg	default	Field Unit	Premiere	Premiere	playerNDeck
Premiere_Monst-Rexes.jpg	Monst-Rexes	rifts-ccg/premiere/RiftsCcg-Premiere-MonstRexes.jpg	default	Field Unit	Premiere	Premiere	playerNDeck
Premiere_Montreal.jpg	Montreal	rifts-ccg/premiere/RiftsCcg-Premiere-Montreal.jpg	default	Base Unit	Premiere	Premiere	playerNDeck
Premiere_Mornn.jpg	Mornn	rifts-ccg/premiere/RiftsCcg-Premiere-Mornn.jpg	default	Field Unit	Premiere	Premiere	playerNDeck
Premiere_Multiply_and_Conquer.jpg	Multiply and Conquer	rifts-ccg/premiere/RiftsCcg-Premiere-MultiplyAndConquer.jpg	default	Event	Premiere	Premiere	playerNDeck
Premiere_Murder_Wraiths.jpg	Murder Wraiths	rifts-ccg/premiere/RiftsCcg-Premiere-MurderWraiths.jpg	default	Field Unit	Premiere	Premiere	playerNDeck
Premiere_Mystic_Knights.jpg	Mystic Knights	rifts-ccg/premiere/RiftsCcg-Premiere-MysticKnights.jpg	default	Field Unit	Premiere	Premiere	playerNDeck
Premiere_Naval_Superiority.jpg	Naval Superiority	rifts-ccg/premiere/RiftsCcg-Premiere-NavalSuperiority.jpg	default	Asset	Premiere	Premiere	playerNDeck
Premiere_Neuron_Beasts.jpg	Neuron Beasts	rifts-ccg/premiere/RiftsCcg-Premiere-NeuronBeasts.jpg	default	Field Unit	Premiere	Premiere	playerNDeck
Premiere_New_Lazlo.jpg	New Lazlo	rifts-ccg/premiere/RiftsCcg-Premiere-NewLazlo.jpg	default	Base Unit	Premiere	Premiere	playerNDeck
Premiere_New_Technologies.jpg	New Technologies	rifts-ccg/premiere/RiftsCcg-Premiere-NewTechnologies.jpg	default	Event	Premiere	Premiere	playerNDeck
Premiere_NG-V7_Hunter_Mobile_Guns.jpg	NG-V7 Hunter Mobile Guns	rifts-ccg/premiere/RiftsCcg-Premiere-NGV7HunterMobileGuns.jpg	default	Field Unit	Premiere	Premiere	playerNDeck
Premiere_Nikiden_Shodai.jpg	Nikiden Shodai	rifts-ccg/premiere/RiftsCcg-Premiere-NikidenShodai.jpg	default	Field Unit	Premiere	Premiere	playerNDeck
Premiere_Nine_Rings_of_Elder.jpg	Nine Rings of Elder	rifts-ccg/premiere/RiftsCcg-Premiere-NineRingsOfElder.jpg	default	Asset	Premiere	Premiere	playerNDeck
Premiere_Old_Bones.jpg	Old Bones	rifts-ccg/premiere/RiftsCcg-Premiere-OldBones.jpg	default	Base Unit	Premiere	Premiere	playerNDeck
Premiere_On_Full_Alert.jpg	On Full Alert	rifts-ccg/premiere/RiftsCcg-Premiere-OnFullAlert.jpg	default	Event	Premiere	Premiere	playerNDeck
Premiere_Orpheus.jpg	Orpheus	rifts-ccg/premiere/RiftsCcg-Premiere-Orpheus.jpg	default	Base Unit	Premiere	Premiere	playerNDeck
Premiere_Pack_Up_and_Move_Out.jpg	Pack Up and Move Out	rifts-ccg/premiere/RiftsCcg-Premiere-PackUpAndMoveOut.jpg	default	Event	Premiere	Premiere	playerNDeck
Premiere_Peace_and_Harmony.jpg	Peace and Harmony	rifts-ccg/premiere/RiftsCcg-Premiere-PeaceAndHarmony.jpg	default	Event	Premiere	Premiere	playerNDeck
Premiere_Pecos_Empire.jpg	Pecos Empire	rifts-ccg/premiere/RiftsCcg-Premiere-PecosEmpire.jpg	default	Nation Card	Premiere	Premiere	playerNNation
Premiere_Plato.jpg	Plato	rifts-ccg/premiere/RiftsCcg-Premiere-Plato.jpg	default	Base Unit	Premiere	Premiere	playerNDeck
Premiere_Poor_Yorick.jpg	Poor Yorick	rifts-ccg/premiere/RiftsCcg-Premiere-PoorYorick.jpg	default	Asset	Premiere	Premiere	playerNDeck
Premiere_Power_Blast.jpg	Power Blast	rifts-ccg/premiere/RiftsCcg-Premiere-PowerBlast.jpg	default	Event	Premiere	Premiere	playerNDeck
Premiere_Pre-Rifts_Industrial_Complex.jpg	Pre-Rifts Industrial Complex	rifts-ccg/premiere/RiftsCcg-Premiere-PreRiftsIndustrialComplex.jpg	default	Base Unit	Premiere	Premiere	playerNDeck
Premiere_Press_the_Attack.jpg	Press the Attack	rifts-ccg/premiere/RiftsCcg-Premiere-PressTheAttack.jpg	default	Asset	Premiere	Premiere	playerNDeck
Premiere_Prime_Minister_James_Lorne.jpg	Prime Minister James Lorne	rifts-ccg/premiere/RiftsCcg-Premiere-PrimeMinisterJamesLorne.jpg	default	Base Unit	Premiere	Premiere	playerNDeck
Premiere_Psi_Battallion.jpg	Psi Battallion	rifts-ccg/premiere/RiftsCcg-Premiere-PsiBattallion.jpg	default	Field Unit	Premiere	Premiere	playerNDeck
Premiere_Psi-Stalkers.jpg	Psi-Stalkers	rifts-ccg/premiere/RiftsCcg-Premiere-PsiStalkers.jpg	default	Field Unit	Premiere	Premiere	playerNDeck
Premiere_Quebecois_Infantry.jpg	Quebecois Infantry	rifts-ccg/premiere/RiftsCcg-Premiere-QuebecoisInfantry.jpg	default	Field Unit	Premiere	Premiere	playerNDeck
Premiere_Rag'tar_Batrick.jpg	Rag'tar Batrick	rifts-ccg/premiere/RiftsCcg-Premiere-RagtarBatrick.jpg	default	Field Unit	Premiere	Premiere	playerNDeck
Premiere_Rapid_Deployment_Company.jpg	Rapid Deployment Company	rifts-ccg/premiere/RiftsCcg-Premiere-RapidDeploymentCompany.jpg	default	Field Unit	Premiere	Premiere	playerNDeck
Premiere_Rebuild.jpg	Rebuild	rifts-ccg/premiere/RiftsCcg-Premiere-Rebuild.jpg	default	Event	Premiere	Premiere	playerNDeck
Premiere_Regroup.jpg	Regroup	rifts-ccg/premiere/RiftsCcg-Premiere-Regroup.jpg	default	Event	Premiere	Premiere	playerNDeck
Premiere_Renegade_Dog_Boys.jpg	Renegade Dog Boys	rifts-ccg/premiere/RiftsCcg-Premiere-RenegadeDogBoys.jpg	default	Field Unit	Premiere	Premiere	playerNDeck
Premiere_Reprogramming.jpg	Reprogramming	rifts-ccg/premiere/RiftsCcg-Premiere-Reprogramming.jpg	default	Asset	Premiere	Premiere	playerNDeck
Premiere_Rise_From_Chaos.jpg	Rise From Chaos	rifts-ccg/premiere/RiftsCcg-Premiere-RiseFromChaos.jpg	default	Event	Premiere	Premiere	playerNDeck
Premiere_Rolla-Morden_Hive.jpg	Rolla-Morden Hive	rifts-ccg/premiere/RiftsCcg-Premiere-RollaMordenHive.jpg	default	Base Unit	Premiere	Premiere	playerNDeck
Premiere_Rolla-Morden_Xiticix.jpg	Rolla-Morden Xiticix	rifts-ccg/premiere/RiftsCcg-Premiere-RollaMordenXiticix.jpg	default	Field Unit	Premiere	Premiere	playerNDeck
Premiere_SAMAS_Squadron.jpg	SAMAS Squadron	rifts-ccg/premiere/RiftsCcg-Premiere-SAMASSquadron.jpg	default	Field Unit	Premiere	Premiere	playerNDeck
Premiere_Sea_Viper_Iron_Juggernauts.jpg	Sea Viper Iron Juggernauts	rifts-ccg/premiere/RiftsCcg-Premiere-SeaViperIronJuggernauts.jpg	default	Field Unit	Premiere	Premiere	playerNDeck
Premiere_Shemarrian_Warriors.jpg	Shemarrian Warriors	rifts-ccg/premiere/RiftsCcg-Premiere-ShemarrianWarriors.jpg	default	Field Unit	Premiere	Premiere	playerNDeck
Premiere_Shifters.jpg	Shifters	rifts-ccg/premiere/RiftsCcg-Premiere-Shifters.jpg	default	Base Unit	Premiere	Premiere	playerNDeck
Premiere_Simvan_Monster_Riders.jpg	Simvan Monster Riders	rifts-ccg/premiere/RiftsCcg-Premiere-SimvanMonsterRiders.jpg	default	Field Unit	Premiere	Premiere	playerNDeck
Premiere_Sir_Tristram.jpg	Sir Tristram	rifts-ccg/premiere/RiftsCcg-Premiere-SirTristram.jpg	default	Field Unit	Premiere	Premiere	playerNDeck
Premiere_Sir_Winslow_Thorpe.jpg	Sir Winslow Thorpe	rifts-ccg/premiere/RiftsCcg-Premiere-SirWinslowThorpe.jpg	default	Field Unit	Premiere	Premiere	playerNDeck
Premiere_Skelebot_Platoon.jpg	Skelebot Platoon	rifts-ccg/premiere/RiftsCcg-Premiere-SkelebotPlatoon.jpg	default	Field Unit	Premiere	Premiere	playerNDeck
Premiere_Sky_Cycles.jpg	Sky Cycles	rifts-ccg/premiere/RiftsCcg-Premiere-SkyCycles.jpg	default	Field Unit	Premiere	Premiere	playerNDeck
Premiere_Slice_and_Dice.jpg	Slice and Dice	rifts-ccg/premiere/RiftsCcg-Premiere-SliceAndDice.jpg	default	Event	Premiere	Premiere	playerNDeck
Premiere_Sorcerers'_Revenge.jpg	Sorcerers' Revenge	rifts-ccg/premiere/RiftsCcg-Premiere-SorcerersRevenge.jpg	default	Asset	Premiere	Premiere	playerNDeck
Premiere_Special_Projects.jpg	Special Projects	rifts-ccg/premiere/RiftsCcg-Premiere-SpecialProjects.jpg	default	Event	Premiere	Premiere	playerNDeck
Premiere_Spider-Skull_Walkers.jpg	Spider-Skull Walkers	rifts-ccg/premiere/RiftsCcg-Premiere-SpiderSkullWalkers.jpg	default	Field Unit	Premiere	Premiere	playerNDeck
Premiere_Spiny_Ravagers.jpg	Spiny Ravagers	rifts-ccg/premiere/RiftsCcg-Premiere-SpinyRavagers.jpg	default	Field Unit	Premiere	Premiere	playerNDeck
Premiere_Stolen_Battle_Plans.jpg	Stolen Battle Plans	rifts-ccg/premiere/RiftsCcg-Premiere-StolenBattlePlans.jpg	default	Event	Premiere	Premiere	playerNDeck
Premiere_Stormspire.jpg	Stormspire	rifts-ccg/premiere/RiftsCcg-Premiere-Stormspire.jpg	default	Base Unit	Premiere	Premiere	playerNDeck
Premiere_Strategic_Withdrawal.jpg	Strategic Withdrawal	rifts-ccg/premiere/RiftsCcg-Premiere-StrategicWithdrawal.jpg	default	Event	Premiere	Premiere	playerNDeck
Premiere_Stray_From_the_Pack.jpg	Stray From the Pack	rifts-ccg/premiere/RiftsCcg-Premiere-StrayFromThePack.jpg	default	Event	Premiere	Premiere	playerNDeck
Premiere_Sundance.jpg	Sundance	rifts-ccg/premiere/RiftsCcg-Premiere-Sundance.jpg	default	Base Unit	Premiere	Premiere	playerNDeck
Premiere_Sunset_Angel.jpg	Sunset Angel	rifts-ccg/premiere/RiftsCcg-Premiere-SunsetAngel.jpg	default	Field Unit	Premiere	Premiere	playerNDeck
Premiere_Super_SAMAS_Squadron.jpg	Super SAMAS Squadron	rifts-ccg/premiere/RiftsCcg-Premiere-SuperSAMASSquadron.jpg	default	Field Unit	Premiere	Premiere	playerNDeck
Premiere_Suppression_Fire.jpg	Suppression Fire	rifts-ccg/premiere/RiftsCcg-Premiere-SuppressionFire.jpg	default	Asset	Premiere	Premiere	playerNDeck
Premiere_Tactical_Nuke.jpg	Tactical Nuke	rifts-ccg/premiere/RiftsCcg-Premiere-TacticalNuke.jpg	default	Event	Premiere	Premiere	playerNDeck
Premiere_Take_Point.jpg	Take Point	rifts-ccg/premiere/RiftsCcg-Premiere-TakePoint.jpg	default	Event	Premiere	Premiere	playerNDeck
Premiere_Tarantula_Glitter_Boys.jpg	Tarantula Glitter Boys	rifts-ccg/premiere/RiftsCcg-Premiere-TarantulaGlitterBoys.jpg	default	Field Unit	Premiere	Premiere	playerNDeck
Premiere_Tazoro_Zain,_Mystic_Knight.jpg	Tazoro Zain, Mystic Knight	rifts-ccg/premiere/RiftsCcg-Premiere-TazoroZainMysticKnight.jpg	default	Field Unit	Premiere	Premiere	playerNDeck
Premiere_Tech_Upgrade.jpg	Tech Upgrade	rifts-ccg/premiere/RiftsCcg-Premiere-TechUpgrade.jpg	default	Asset	Premiere	Premiere	playerNDeck
Premiere_Techno-Wizard_Desperados.jpg	Techno-Wizard Desperados	rifts-ccg/premiere/RiftsCcg-Premiere-TechnoWizardDesperados.jpg	default	Field Unit	Premiere	Premiere	playerNDeck
Premiere_Techno-Wizard_Smiths.jpg	Techno-Wizard Smiths	rifts-ccg/premiere/RiftsCcg-Premiere-TechnoWizardSmiths.jpg	default	Base Unit	Premiere	Premiere	playerNDeck
Premiere_Technological_Supremacy.jpg	Technological Supremacy	rifts-ccg/premiere/RiftsCcg-Premiere-TechnologicalSupremacy.jpg	default	Event	Premiere	Premiere	playerNDeck
Premiere_Telemechanics.jpg	Telemechanics	rifts-ccg/premiere/RiftsCcg-Premiere-Telemechanics.jpg	default	Asset	Premiere	Premiere	playerNDeck
Premiere_Terror_Troopers.jpg	Terror Troopers	rifts-ccg/premiere/RiftsCcg-Premiere-TerrorTroopers.jpg	default	Field Unit	Premiere	Premiere	playerNDeck
Premiere_The_Book_of_Ten.jpg	The Book of Ten	rifts-ccg/premiere/RiftsCcg-Premiere-TheBookOfTen.jpg	default	Asset	Premiere	Premiere	playerNDeck
Premiere_The_Diamond_Alliance.jpg	The Diamond Alliance	rifts-ccg/premiere/RiftsCcg-Premiere-TheDiamondAlliance.jpg	default	Field Unit	Premiere	Premiere	playerNDeck
Premiere_The_Great_Purple_Mage.jpg	The Great Purple Mage	rifts-ccg/premiere/RiftsCcg-Premiere-TheGreatPurpleMage.jpg	default	Base Unit	Premiere	Premiere	playerNDeck
Premiere_The_Grim_Reapers.jpg	The Grim Reapers	rifts-ccg/premiere/RiftsCcg-Premiere-TheGrimReapers.jpg	default	Field Unit	Premiere	Premiere	playerNDeck
Premiere_The_Pact.jpg	The Pact	rifts-ccg/premiere/RiftsCcg-Premiere-ThePact.jpg	default	Event	Premiere	Premiere	playerNDeck
Premiere_The_Pecos_Raiders.jpg	The Pecos Raiders	rifts-ccg/premiere/RiftsCcg-Premiere-ThePecosRaiders.jpg	default	Field Unit	Premiere	Premiere	playerNDeck
Premiere_The_Sabre_Warriors.jpg	The Sabre Warriors	rifts-ccg/premiere/RiftsCcg-Premiere-TheSabreWarriors.jpg	default	Field Unit	Premiere	Premiere	playerNDeck
Premiere_Thirst_for_Battle.jpg	Thirst for Battle	rifts-ccg/premiere/RiftsCcg-Premiere-ThirstForBattle.jpg	default	Asset	Premiere	Premiere	playerNDeck
Premiere_Thomm.jpg	Thomm	rifts-ccg/premiere/RiftsCcg-Premiere-Thomm.jpg	default	Base Unit	Premiere	Premiere	playerNDeck
Premiere_Thornhead_Demons.jpg	Thornhead Demons	rifts-ccg/premiere/RiftsCcg-Premiere-ThornheadDemons.jpg	default	Field Unit	Premiere	Premiere	playerNDeck
Premiere_Thundering_Iron_Juggernauts.jpg	Thundering Iron Juggernauts	rifts-ccg/premiere/RiftsCcg-Premiere-ThunderingIronJuggernauts.jpg	default	Field Unit	Premiere	Premiere	playerNDeck
Premiere_Titan_Combat_Robots.jpg	Titan Combat Robots	rifts-ccg/premiere/RiftsCcg-Premiere-TitanCombatRobots.jpg	default	Field Unit	Premiere	Premiere	playerNDeck
Premiere_Titan_Juicers.jpg	Titan Juicers	rifts-ccg/premiere/RiftsCcg-Premiere-TitanJuicers.jpg	default	Field Unit	Premiere	Premiere	playerNDeck
Premiere_Tokanii.jpg	Tokanii	rifts-ccg/premiere/RiftsCcg-Premiere-Tokanii.jpg	default	Field Unit	Premiere	Premiere	playerNDeck
Premiere_Tolkeen.jpg	Tolkeen	rifts-ccg/premiere/RiftsCcg-Premiere-Tolkeen.jpg	default	Nation Card	Premiere	Premiere	playerNNation
Premiere_Total_War.jpg	Total War	rifts-ccg/premiere/RiftsCcg-Premiere-TotalWar.jpg	default	Event	Premiere	Premiere	playerNDeck
Premiere_Town_of_Solomon.jpg	Town of Solomon	rifts-ccg/premiere/RiftsCcg-Premiere-TownOfSolomon.jpg	default	Base Unit	Premiere	Premiere	playerNDeck
Premiere_Upstart_Warlord.jpg	Upstart Warlord	rifts-ccg/premiere/RiftsCcg-Premiere-UpstartWarlord.jpg	default	Nation Card	Premiere	Premiere	playerNNation
Premiere_Urban_Decay.jpg	Urban Decay	rifts-ccg/premiere/RiftsCcg-Premiere-UrbanDecay.jpg	default	Event	Premiere	Premiere	playerNDeck
Premiere_Urban_Warfare.jpg	Urban Warfare	rifts-ccg/premiere/RiftsCcg-Premiere-UrbanWarfare.jpg	default	Event	Premiere	Premiere	playerNDeck
Premiere_Vanguard_Brawlers.jpg	Vanguard Brawlers	rifts-ccg/premiere/RiftsCcg-Premiere-VanguardBrawlers.jpg	default	Field Unit	Premiere	Premiere	playerNDeck
Premiere_Versatility.jpg	Versatility	rifts-ccg/premiere/RiftsCcg-Premiere-Versatility.jpg	default	Asset	Premiere	Premiere	playerNDeck
Premiere_Violator_SAMAS_Squadron.jpg	Violator SAMAS Squadron	rifts-ccg/premiere/RiftsCcg-Premiere-ViolatorSAMASSquadron.jpg	default	Field Unit	Premiere	Premiere	playerNDeck
Premiere_Warhawk_Iron_Juggernauts.jpg	Warhawk Iron Juggernauts	rifts-ccg/premiere/RiftsCcg-Premiere-WarhawkIronJuggernauts.jpg	default	Field Unit	Premiere	Premiere	playerNDeck
Premiere_Warlord_Don_Marco.jpg	Warlord Don Marco	rifts-ccg/premiere/RiftsCcg-Premiere-WarlordDonMarco.jpg	default	Base Unit	Premiere	Premiere	playerNDeck
Premiere_Warlord_Uxluth.jpg	Warlord Uxluth	rifts-ccg/premiere/RiftsCcg-Premiere-WarlordUxluth.jpg	default	Base Unit	Premiere	Premiere	playerNDeck
Premiere_Water_Elementals.jpg	Water Elementals	rifts-ccg/premiere/RiftsCcg-Premiere-WaterElementals.jpg	default	Field Unit	Premiere	Premiere	playerNDeck
Premiere_Weapon_Burst.jpg	Weapon Burst	rifts-ccg/premiere/RiftsCcg-Premiere-WeaponBurst.jpg	default	Event	Premiere	Premiere	playerNDeck
Premiere_Wild_Psi-Stalkers.jpg	Wild Psi-Stalkers	rifts-ccg/premiere/RiftsCcg-Premiere-WildPsiStalkers.jpg	default	Field Unit	Premiere	Premiere	playerNDeck
Premiere_Winnipeg_Hive.jpg	Winnipeg Hive	rifts-ccg/premiere/RiftsCcg-Premiere-WinnipegHive.jpg	default	Base Unit	Premiere	Premiere	playerNDeck
Premiere_Winnipeg_Xiticix.jpg	Winnipeg Xiticix	rifts-ccg/premiere/RiftsCcg-Premiere-WinnipegXiticix.jpg	default	Field Unit	Premiere	Premiere	playerNDeck
Premiere_Witchlings.jpg	Witchlings	rifts-ccg/premiere/RiftsCcg-Premiere-Witchlings.jpg	default	Field Unit	Premiere	Premiere	playerNDeck
Premiere_Xiticix.jpg	Xiticix	rifts-ccg/premiere/RiftsCcg-Premiere-Xiticix.jpg	default	Nation Card	Premiere	Premiere	playerNNation
Premiere_Xiticix_Elder_Queen.jpg	Xiticix Elder Queen	rifts-ccg/premiere/RiftsCcg-Premiere-XiticixElderQueen.jpg	default	Base Unit	Premiere	Premiere	playerNDeck
Premiere_Xiticix_Killers.jpg	Xiticix Killers	rifts-ccg/premiere/RiftsCcg-Premiere-XiticixKillers.jpg	default	Field Unit	Premiere	Premiere	playerNDeck
Premiere_Xiticix_Nannies.jpg	Xiticix Nannies	rifts-ccg/premiere/RiftsCcg-Premiere-XiticixNannies.jpg	default	Base Unit	Premiere	Premiere	playerNDeck
Premiere_Xiticix_Raiding_Swarm.jpg	Xiticix Raiding Swarm	rifts-ccg/premiere/RiftsCcg-Premiere-XiticixRaidingSwarm.jpg	default	Field Unit	Premiere	Premiere	playerNDeck
Premiere_Xiticix_Super-Warriors.jpg	Xiticix Super-Warriors	rifts-ccg/premiere/RiftsCcg-Premiere-XiticixSuperWarriors.jpg	default	Field Unit	Premiere	Premiere	playerNDeck
Premiere_Xiticix_Warriors.jpg	Xiticix Warriors	rifts-ccg/premiere/RiftsCcg-Premiere-XiticixWarriors.jpg	default	Field Unit	Premiere	Premiere	playerNDeck
Premiere_Xiticix_Workers.jpg	Xiticix Workers	rifts-ccg/premiere/RiftsCcg-Premiere-XiticixWorkers.jpg	default	Field Unit	Premiere	Premiere	playerNDeck
Premiere_Xiticix_Young_Queens.jpg	Xiticix Young Queens	rifts-ccg/premiere/RiftsCcg-Premiere-XiticixYoungQueens.jpg	default	Base Unit	Premiere	Premiere	playerNDeck
Premiere_Zimchex.jpg	Zimchex	rifts-ccg/premiere/RiftsCcg-Premiere-Zimchex.jpg	default	Base Unit	Premiere	Premiere	playerNDeck
